id	tick_lower	tick_upper	ticks	deposited_token0	deposited_token1	collected_token0	collected_token1	total_deposited_usd	total_profit_usd	apr_est_30d	price_lower	price_upper	price_range	price_mid
294455.0	-2.0	-1.0	1.0	15474.4	85512.1	0.0	100985.0	100987.0	-1.66616	-0.0200736	0.9998	0.9999	9.998e-05	0.99985
294501.0	-2.0	-1.0	1.0	6316.03	30000.0	0.0	36315.3	36316.0	-0.686451	-0.0229976	0.9998	0.9999	9.998e-05	0.99985
294630.0	-3.0	2.0	5.0	3948.1	2267.8	0.0	6216.06	6215.9	0.162713	0.0318486	0.9997	1.0002	0.00049995	0.99995
294647.0	-2.0	0.0	2.0	626.736	439.356	0.0	202.55	1066.09	-863.542	-985.508	0.9998	1.0	0.00019997	0.9999
294898.0	-2.0	-1.0	1.0	1137.8	5759.68	0.0	6897.36	6897.48	-0.123152	-0.0217231	0.9998	0.9999	9.998e-05	0.99985
294927.0	-2.0	-1.0	1.0	7473.1	34323.1	0.0	41795.3	41796.2	-0.814028	-0.023696	0.9998	0.9999	9.998e-05	0.99985
294929.0	-2.0	-1.0	1.0	187.199	859.681	0.0	1046.86	1046.88	-0.020392	-0.0236992	0.9998	0.9999	9.998e-05	0.99985
295325.0	-3.0	-1.0	2.0	79.9373	822.903	82.828	820.013	902.841	0.00034	0.000458183	0.9997	0.9999	0.00019995	0.9998
295623.0	-3.0	2.0	5.0	8760.9	4999.4	0.0	0.0	13760.3	-13760.3	-1216.67	0.9997	1.0002	0.00049995	0.99995
295697.0	-3.0	2.0	5.0	963.258	549.608	0.0	0.0	1512.87	-1512.87	-1216.67	0.9997	1.0002	0.00049995	0.99995
296216.0	-2.0	0.0	2.0	439.155	401.007	0.0	0.0	840.163	-840.163	-1216.67	0.9998	1.0	0.00019997	0.9999
296488.0	-3.0	0.0	3.0	11345.5	20997.2	0.0	32342.1	32342.7	-0.596889	-0.0224538	0.9997	1.0	0.00029994	0.99985
297246.0	-2.0	0.0	2.0	855.0	780.597	0.0	1635.55	1635.6	-0.04469	-0.0332434	0.9998	1.0	0.00019997	0.9999
297419.0	-3.0	2.0	5.0	59.232	37.996	26.9355	70.2918	97.228	-0.000698	-0.00873445	0.9997	1.0002	0.00049995	0.99995
297585.0	-2.0	0.0	2.0	4750.26	4317.23	0.0	9067.24	9067.49	-0.248825	-0.0333871	0.9998	1.0	0.00019997	0.9999
297603.0	-3.0	0.0	3.0	448.279	834.961	0.0	1283.22	1283.24	-0.023487	-0.0222685	0.9997	1.0	0.00029994	0.99985
298254.0	-2.0	0.0	2.0	501.547	461.334	0.0	962.856	962.882	-0.026122	-0.0330069	0.9998	1.0	0.00019997	0.9999
299245.0	-3.0	3.0	6.0	1770.42	862.209	0.0	0.0	2632.63	-2632.63	-1216.67	0.9997	1.0003	0.00059997	1.0
299338.0	-1.0	3.0	4.0	5374.48	0.0	3372.14	2002.29	5374.48	-0.051041	-0.0115546	0.9999	1.0003	0.00040002	1.0001
299699.0	-3.0	2.0	5.0	2396.56	1550.48	0.0	3947.16	3947.04	0.115534	0.0356131	0.9997	1.0002	0.00049995	0.99995
299938.0	-3.0	0.0	3.0	14000.0	25802.2	0.0	39801.5	39802.2	-0.738536	-0.0225754	0.9997	1.0	0.00029994	0.99985
300239.0	-7.0	5.0	12.0	24267.9	23835.4	24267.9	23835.4	48103.3	-2e-06	-5.05856e-08	0.9993	1.0005	0.00119982	0.9999
300299.0	-2.0	0.0	2.0	24267.9	21794.7	24268.6	21794.0	46062.6	7.3e-05	1.92817e-06	0.9998	1.0	0.00019997	0.9999
300469.0	-2.0	-1.0	1.0	8.81763	181.981	0.0	190.798	190.799	-0.000903	-0.00575817	0.9998	0.9999	9.998e-05	0.99985
300666.0	-1.0	0.0	1.0	8057.04	2634.84	0.0	10691.6	10691.9	-0.303551	-0.0345422	0.9999	1.0	9.999e-05	0.99995
300669.0	-1.0	0.0	1.0	9701.95	3782.46	0.0	13484.1	13484.4	-0.348996	-0.0314891	0.9999	1.0	9.999e-05	0.99995
300670.0	-1.0	0.0	1.0	28040.1	10930.3	0.0	38969.4	38970.4	-1.00869	-0.0314915	0.9999	1.0	9.999e-05	0.99995
300672.0	-1.0	0.0	1.0	2888.32	2111.66	799.153	4200.77	4999.99	-0.067454	-0.0164138	0.9999	1.0	9.999e-05	0.99995
300673.0	-1.0	0.0	1.0	731.49	640.653	0.0	1372.12	1372.14	-0.019497	-0.0172878	0.9999	1.0	9.999e-05	0.99995
300674.0	-1.0	0.0	1.0	25520.4	24679.6	0.0	50199.4	50200.1	-0.661659	-0.0160362	0.9999	1.0	9.999e-05	0.99995
300727.0	-3.0	0.0	3.0	2132.0	9866.14	0.0	11998.1	11998.1	-0.056819	-0.00576171	0.9997	1.0	0.00029994	0.99985
300735.0	-1.0	0.0	1.0	553.961	488.0	0.0	1041.95	1041.96	-0.014725	-0.0171939	0.9999	1.0	9.999e-05	0.99995
300773.0	-1.0	0.0	1.0	608.971	540.0	0.0	1148.95	1148.97	-0.016138	-0.0170888	0.9999	1.0	9.999e-05	0.99995
300821.0	-1.0	0.0	1.0	20858.7	31020.7	0.0	51879.0	51879.4	-0.41935	-0.00983452	0.9999	1.0	9.999e-05	0.99995
300833.0	-1.0	0.0	1.0	78722.7	121691.0	0.0	200412.0	200413.0	-1.56348	-0.00949155	0.9999	1.0	9.999e-05	0.99995
300865.0	-1.0	0.0	1.0	6274.41	9677.82	0.0	15952.1	15952.2	-0.124686	-0.00950972	0.9999	1.0	9.999e-05	0.99995
300893.0	-1.0	0.0	1.0	21387.0	35387.8	0.0	56774.4	56774.8	-0.409345	-0.00877214	0.9999	1.0	9.999e-05	0.99995
300906.0	-1.0	0.0	1.0	29879.0	80105.9	0.0	109985.0	109985.0	-0.406936	-0.00450157	0.9999	1.0	9.999e-05	0.99995
300911.0	-1.0	0.0	1.0	74257.2	185042.0	0.0	259298.0	259299.0	-1.06341	-0.00498968	0.9999	1.0	9.999e-05	0.99995
300917.0	-4.0	3.0	7.0	21297.9	23897.0	21996.8	23198.1	45194.9	0.024652	0.000663643	0.9996	1.0003	0.00069993	0.99995
300935.0	-1.0	0.0	1.0	2134.98	5095.05	0.0	7230.0	7230.03	-0.031527	-0.00530535	0.9999	1.0	9.999e-05	0.99995
300961.0	-1.0	0.0	1.0	2103.25	4892.48	0.0	6995.7	6995.73	-0.031615	-0.00549834	0.9999	1.0	9.999e-05	0.99995
300984.0	-1.0	0.0	1.0	14568.8	33431.2	0.0	47999.8	48000.0	-0.221075	-0.00560364	0.9999	1.0	9.999e-05	0.99995
301070.0	-1.0	0.0	1.0	2049.0	4939.46	0.0	6988.43	6988.46	-0.030036	-0.00522916	0.9999	1.0	9.999e-05	0.99995
301130.0	-1.0	0.0	1.0	148319.0	321085.0	0.0	469401.0	469404.0	-2.36175	-0.00612152	0.9999	1.0	9.999e-05	0.99995
301161.0	-1.0	0.0	1.0	5525.41	10000.3	0.0	15525.6	15525.7	-0.098314	-0.00770435	0.9999	1.0	9.999e-05	0.99995
301243.0	-1.0	0.0	1.0	3661.76	6513.21	0.0	10174.9	10175.0	-0.065886	-0.00787828	0.9999	1.0	9.999e-05	0.99995
301290.0	-1.0	0.0	1.0	8016.31	14475.2	0.0	22491.4	22491.5	-0.142845	-0.00772712	0.9999	1.0	9.999e-05	0.99995
301329.0	-2.0	3.0	5.0	50926.8	24585.2	0.0	0.0	75512.0	-75512.0	-1216.67	0.9998	1.0003	0.0005	1.00005
301435.0	-1.0	0.0	1.0	71229.0	134180.0	0.0	205408.0	205409.0	-1.23489	-0.00731443	0.9999	1.0	9.999e-05	0.99995
301449.0	-1.0	0.0	1.0	6187.37	11929.3	0.0	18116.6	18116.7	-0.105651	-0.00709522	0.9999	1.0	9.999e-05	0.99995
301623.0	-1.0	0.0	1.0	8075.55	15838.0	0.0	23913.5	23913.6	-0.13635	-0.00693716	0.9999	1.0	9.999e-05	0.99995
301647.0	-1.0	0.0	1.0	4444.14	2653.33	0.0	7097.33	7097.47	-0.139126	-0.0238493	0.9999	1.0	9.999e-05	0.99995
301749.0	-1.0	0.0	1.0	5056.79	3051.0	0.0	8107.63	8107.79	-0.157682	-0.023662	0.9999	1.0	9.999e-05	0.99995
301876.0	-1.0	0.0	1.0	6458.91	3896.96	3200.82	7154.9	10355.9	-0.151941	-0.0178509	0.9999	1.0	9.999e-05	0.99995
302093.0	-1.0	0.0	1.0	101.749	93.3232	0.0	195.069	195.072	-0.002995	-0.0186799	0.9999	1.0	9.999e-05	0.99995
302364.0	-1.0	0.0	1.0	408.344	275.118	0.0	683.45	683.462	-0.012199	-0.0217161	0.9999	1.0	9.999e-05	0.99995
302383.0	-2.0	0.0	2.0	1.91704	4.5	1.91704	4.5	6.41704	-2e-06	-0.000379199	0.9998	1.0	0.00019997	0.9999
302408.0	-1.0	0.0	1.0	28985.0	19528.4	0.0	48512.5	48513.4	-0.865802	-0.0217134	0.9999	1.0	9.999e-05	0.99995
302431.0	-1.0	0.0	1.0	6237.9	4202.75	3224.27	7216.25	10440.7	-0.136549	-0.0159123	0.9999	1.0	9.999e-05	0.99995
302525.0	-1.0	0.0	1.0	54279.4	40450.0	0.0	94727.8	94729.4	-1.55495	-0.0199712	0.9999	1.0	9.999e-05	0.99995
302540.0	-1.0	0.0	1.0	3086.3	2300.0	0.0	5386.21	5386.3	-0.088414	-0.0199711	0.9999	1.0	9.999e-05	0.99995
302788.0	-1.0	0.0	1.0	1356.95	1964.29	0.0	3321.2	3321.23	-0.029274	-0.0107239	0.9999	1.0	9.999e-05	0.99995
303414.0	-1.0	0.0	1.0	1095.02	994.428	0.0	2089.42	2089.45	-0.028691	-0.0167065	0.9999	1.0	9.999e-05	0.99995
303427.0	-1.0	0.0	1.0	600.032	541.407	0.0	1141.42	1141.44	-0.015771	-0.0168104	0.9999	1.0	9.999e-05	0.99995
303436.0	-1.0	0.0	1.0	77579.9	69028.8	0.0	146607.0	146609.0	-2.05244	-0.0170327	0.9999	1.0	9.999e-05	0.99995
303466.0	-1.0	0.0	1.0	4997.63	4445.51	0.0	0.0	9443.15	-9443.15	-1216.67	0.9999	1.0	9.999e-05	0.99995
303872.0	-1.0	1.0	2.0	751.5	249.1	0.0	0.0	1000.6	-1000.6	-1216.67	0.9999	1.0001	0.00019999	1.0
303905.0	-1.0	0.0	1.0	49312.6	51860.7	0.0	101172.0	101173.0	-1.20179	-0.0144522	0.9999	1.0	9.999e-05	0.99995
304026.0	-2.0	3.0	5.0	22000.0	9562.12	31563.3	0.0	31562.1	1.1882	0.045803	0.9998	1.0003	0.0005	1.00005
304044.0	-1.0	0.0	1.0	1228.66	1306.77	0.0	2535.4	2535.43	-0.02977	-0.0142856	0.9999	1.0	9.999e-05	0.99995
304184.0	-1.0	0.0	1.0	21886.1	23698.6	0.0	45584.1	45584.6	-0.525484	-0.0140253	0.9999	1.0	9.999e-05	0.99995
304402.0	-2.0	3.0	5.0	967.729	437.0	1404.78	0.0	1404.73	0.053413	0.0462622	0.9998	1.0003	0.0005	1.00005
304456.0	-2.0	3.0	5.0	1672.32	755.321	2427.73	0.0	2427.64	0.092313	0.0462647	0.9998	1.0003	0.0005	1.00005
304641.0	-1.0	1.0	2.0	14.3649	7.96474	4.2459	18.0839	22.3297	9.1e-05	0.00495828	0.9999	1.0001	0.00019999	1.0
304734.0	-2.0	2.0	4.0	142.014	93.9971	137.482	98.5286	236.011	-0.000168	-0.000866061	0.9998	1.0002	0.00039998	1.0
305271.0	-1.0	0.0	1.0	85848.3	161742.0	0.0	247589.0	247590.0	-1.4882	-0.00731308	0.9999	1.0	9.999e-05	0.99995
305397.0	-1.0	1.0	2.0	751.872	363.771	0.0	1115.67	1115.64	0.024514	0.0267338	0.9999	1.0001	0.00019999	1.0
305413.0	-2.0	3.0	5.0	1317.08	649.97	0.0	1967.23	1967.05	0.174656	0.108029	0.9998	1.0003	0.0005	1.00005
305594.0	-1.0	0.0	1.0	11531.5	22295.0	0.0	33826.3	33826.5	-0.196543	-0.00706923	0.9999	1.0	9.999e-05	0.99995
305667.0	-1.0	0.0	1.0	15892.7	31767.0	0.0	47659.4	47659.7	-0.264959	-0.00676393	0.9999	1.0	9.999e-05	0.99995
305713.0	-2.0	2.0	4.0	2801.54	1999.3	0.0	4801.07	4800.84	0.233338	0.0591344	0.9998	1.0002	0.00039998	1.0
305729.0	-1.0	1.0	2.0	3220.05	1606.89	4827.05	0.0	4826.94	0.107192	0.0270185	0.9999	1.0001	0.00019999	1.0
305790.0	-1.0	1.0	2.0	20.7695	10.3644	31.1346	0.0	31.1339	0.000691	0.0270033	0.9999	1.0001	0.00019999	1.0
305791.0	-1.0	0.0	1.0	178.124	354.848	0.0	532.969	532.972	-0.002978	-0.00679817	0.9999	1.0	9.999e-05	0.99995
305998.0	-1.0	0.0	1.0	3.30307	6.6957	0.0	9.99871	9.99877	-5.5e-05	-0.00669249	0.9999	1.0	9.999e-05	0.99995
306114.0	-2.0	3.0	5.0	2989.81	1497.81	4123.68	364.047	4487.61	0.109154	0.0295935	0.9998	1.0003	0.0005	1.00005
306204.0	-2.0	3.0	5.0	444.839	222.941	0.0	0.0	667.78	-667.78	-1216.67	0.9998	1.0003	0.0005	1.00005
306217.0	-2.0	3.0	5.0	158.582	79.4724	0.0	0.0	238.054	-238.054	-1216.67	0.9998	1.0003	0.0005	1.00005
306229.0	-2.0	3.0	5.0	303.127	151.896	0.0	0.0	455.023	-455.023	-1216.67	0.9998	1.0003	0.0005	1.00005
306313.0	-1.0	0.0	1.0	12863.6	26587.5	0.0	39450.9	39451.1	-0.209702	-0.00646717	0.9999	1.0	9.999e-05	0.99995
306370.0	-4.0	7.0	11.0	5.97961	2.999	5.15815	3.82047	8.97861	1.4e-05	0.0018971	0.9996	1.0007	0.00110011	1.00015
307085.0	-1.0	1.0	2.0	90.598	46.6287	0.0	0.0	137.227	-137.227	-1216.67	0.9999	1.0001	0.00019999	1.0
308079.0	-2.0	3.0	5.0	31778.8	16003.0	0.0	47786.0	47781.8	4.24982	0.108213	0.9998	1.0003	0.0005	1.00005
308991.0	-1.0	0.0	1.0	3242.05	7194.65	0.0	10436.6	10436.7	-0.050352	-0.00586983	0.9999	1.0	9.999e-05	0.99995
311509.0	0.0	1.0	1.0	12434.6	1049.19	0.0	13484.5	13483.8	0.670091	0.0604634	1.0	1.0001	0.0001	1.00005
311512.0	0.0	1.0	1.0	35963.5	3034.26	0.0	38999.7	38997.8	1.93804	0.0604635	1.0	1.0001	0.0001	1.00005
311514.0	0.0	1.0	1.0	5824.34	916.331	0.0	6741.0	6740.67	0.330795	0.0597073	1.0	1.0001	0.0001	1.00005
311515.0	0.0	1.0	1.0	2591.82	407.766	0.0	2999.73	2999.59	0.147203	0.0597072	1.0	1.0001	0.0001	1.00005
311518.0	0.0	1.0	1.0	1185.45	186.505	0.0	1372.03	1371.96	0.067328	0.0597072	1.0	1.0001	0.0001	1.00005
311525.0	0.0	1.0	1.0	26580.0	23612.5	0.0	50194.2	50192.5	1.71489	0.041569	1.0	1.0001	0.0001	1.00005
311526.0	0.0	1.0	1.0	13867.7	4337.02	0.0	18205.5	18204.7	0.85855	0.0573792	1.0	1.0001	0.0001	1.00005
311532.0	0.0	1.0	1.0	7752.99	16159.9	0.0	23913.6	23912.9	0.649604	0.0330513	1.0	1.0001	0.0001	1.00005
311538.0	0.0	1.0	1.0	2270.36	4831.13	0.0	7101.68	7101.49	0.19074	0.0326786	1.0	1.0001	0.0001	1.00005
311549.0	-1.0	3.0	4.0	30.0	21.7323	0.0	0.0	51.7323	-51.7323	-1216.67	0.9999	1.0003	0.00040002	1.0001
311568.0	0.0	1.0	1.0	218.112	464.897	0.0	683.028	683.009	0.018327	0.0326465	1.0	1.0001	0.0001	1.00005
311574.0	0.0	1.0	1.0	2201.29	4770.11	0.0	6971.59	6971.4	0.185371	0.0323514	1.0	1.0001	0.0001	1.00005
311611.0	0.0	1.0	1.0	12476.8	29468.8	0.0	41946.6	41945.6	1.0621	0.0308071	1.0	1.0001	0.0001	1.00005
311620.0	0.0	1.0	1.0	711.26	1698.76	2409.96	0.0	2410.02	-0.059866	-0.0302226	1.0	1.0001	0.0001	1.00005
311624.0	0.0	1.0	1.0	600.842	1435.04	2035.83	0.0	2035.88	-0.050573	-0.030223	1.0	1.0001	0.0001	1.00005
311650.0	0.0	1.0	1.0	13229.3	34770.7	0.0	48001.1	48000.0	1.14061	0.0289112	1.0	1.0001	0.0001	1.00005
311748.0	-1.0	2.0	3.0	213.037	287.841	259.169	241.706	500.877	-0.002704	-0.00656821	0.9999	1.0002	0.0003	1.00005
311766.0	0.0	2.0	2.0	1907.33	1082.25	2989.54	0.0	2989.57	-0.039174	-0.0159426	1.0	1.0002	0.00020001	1.0001
311791.0	0.0	1.0	1.0	44524.7	155345.0	199864.0	0.0	199870.0	-6.03754	-0.0367523	1.0	1.0001	0.0001	1.00005
311792.0	-1.0	3.0	4.0	1233.76	1000.07	2233.84	0.0	2233.83	0.010465	0.0056998	0.9999	1.0003	0.00040002	1.0001
311804.0	0.0	1.0	1.0	2389.81	8008.74	10398.2	0.0	10398.6	-0.308383	-0.0360819	1.0	1.0001	0.0001	1.00005
311808.0	0.0	1.0	1.0	1872.36	6300.9	0.0	8173.43	8173.26	0.165768	0.0246761	1.0	1.0001	0.0001	1.00005
311819.0	0.0	1.0	1.0	3571.93	12312.9	0.0	15885.1	15884.8	0.317028	0.0242821	1.0	1.0001	0.0001	1.00005
311874.0	0.0	1.0	1.0	5661.25	19441.1	0.0	25102.9	25102.4	0.50228	0.0243446	1.0	1.0001	0.0001	1.00005
311875.0	0.0	2.0	2.0	75.956	48.0037	123.958	0.0	123.96	-0.00186	-0.0182559	1.0	1.0002	0.00020001	1.0001
311903.0	0.0	1.0	1.0	14979.7	52547.6	0.0	67528.6	67527.3	1.33121	0.023985	1.0	1.0001	0.0001	1.00005
311922.0	0.0	1.0	1.0	9200.35	32817.3	0.0	42018.4	42017.6	0.819298	0.0237237	1.0	1.0001	0.0001	1.00005
311929.0	0.0	1.0	1.0	44775.4	208215.0	0.0	252994.0	252990.0	4.08127	0.0196274	1.0	1.0001	0.0001	1.00005
311966.0	1.0	2.0	1.0	3320.59	0.0	0.0	0.0	3320.59	-3320.59	-1216.67	1.0001	1.0002	0.00010001	1.00015
312022.0	0.0	1.0	1.0	15700.9	84096.3	0.0	99798.7	99797.2	1.44657	0.0176357	1.0	1.0001	0.0001	1.00005
312115.0	0.0	2.0	2.0	113.591	82.7136	196.301	0.0	196.305	-0.003485	-0.0215995	1.0	1.0002	0.00020001	1.0001
312162.0	0.0	1.0	1.0	14658.1	85114.7	0.0	99774.2	99772.8	1.35812	0.0165615	1.0	1.0001	0.0001	1.00005
312193.0	0.0	1.0	1.0	1.46041	8.53911	0.0	9.99965	9.99952	0.000134	0.0163041	1.0	1.0001	0.0001	1.00005
312333.0	-4.0	6.0	10.0	999.092	942.202	1044.62	896.673	1941.29	-0.003352	-0.0021008	0.9996	1.0006	0.00100005	1.0001
312354.0	0.0	1.0	1.0	11375.1	68635.8	0.0	80012.0	80011.0	1.05664	0.0160676	1.0	1.0001	0.0001	1.00005
312380.0	-1.0	1.0	2.0	569.154	7437.39	8006.6	0.0	8006.55	0.052868	0.00803377	0.9999	1.0001	0.00019999	1.0
312411.0	0.0	1.0	1.0	7178.09	43842.2	0.0	51020.9	51020.3	0.667308	0.0159131	1.0	1.0001	0.0001	1.00005
312431.0	-1.0	2.0	3.0	12275.9	20018.7	0.0	32296.4	32294.6	1.75524	0.0661268	0.9999	1.0002	0.0003	1.00005
312434.0	0.0	1.0	1.0	160.776	981.04	1141.77	0.0	1141.82	-0.042143	-0.0449056	1.0	1.0001	0.0001	1.00005
312444.0	0.0	2.0	2.0	4885.11	3695.78	8580.73	0.0	8580.89	-0.159157	-0.0225665	1.0	1.0002	0.00020001	1.0001
312474.0	0.0	1.0	1.0	20762.8	130000.0	0.0	150765.0	150763.0	1.93329	0.0156018	1.0	1.0001	0.0001	1.00005
312568.0	0.0	1.0	1.0	49.0834	944.212	993.251	0.0	993.296	-0.044875	-0.0549664	1.0	1.0001	0.0001	1.00005
312593.0	1.0	2.0	1.0	3197.96	0.867789	3198.83	0.0	3198.83	-8.8e-05	-3.34706e-05	1.0001	1.0002	0.00010001	1.00015
312597.0	1.0	2.0	1.0	13165.5	317.378	13482.8	0.0	13482.8	-0.032109	-0.00289746	1.0001	1.0002	0.00010001	1.00015
312601.0	1.0	2.0	1.0	38074.1	917.846	38991.8	0.0	38991.9	-0.092856	-0.00289739	1.0001	1.0002	0.00010001	1.00015
312603.0	1.0	2.0	1.0	2928.54	70.5977	2999.13	0.0	2999.13	-0.007143	-0.00289772	1.0001	1.0002	0.00010001	1.00015
312605.0	1.0	2.0	1.0	1339.46	32.2902	1371.75	0.0	1371.75	-0.003267	-0.00289765	1.0001	1.0002	0.00010001	1.00015
312617.0	1.0	2.0	1.0	216611.0	41884.5	258490.0	0.0	258495.0	-4.65483	-0.0219091	1.0001	1.0002	0.00010001	1.00015
312637.0	1.0	2.0	1.0	47698.2	2496.65	50194.6	0.0	50194.8	-0.255848	-0.00620147	1.0001	1.0002	0.00010001	1.00015
312651.0	1.0	2.0	1.0	130531.0	31536.3	162064.0	0.0	162067.0	-3.46006	-0.0259753	1.0001	1.0002	0.00010001	1.00015
312671.0	1.0	3.0	2.0	1799.32	193.63	1992.93	0.0	1992.95	-0.021243	-0.0129685	1.0001	1.0003	0.00020003	1.0002
312681.0	1.0	2.0	1.0	3878.14	1051.43	4929.46	0.0	4929.57	-0.116343	-0.0287146	1.0001	1.0002	0.00010001	1.00015
312683.0	1.0	2.0	1.0	13649.8	3700.68	17350.1	0.0	17350.5	-0.409487	-0.0287144	1.0001	1.0002	0.00010001	1.00015
312692.0	1.0	2.0	1.0	12028.4	3500.15	15528.1	0.0	15528.5	-0.389611	-0.0305262	1.0001	1.0002	0.00010001	1.00015
312808.0	1.0	3.0	2.0	1988.85	312.843	2301.65	0.0	2301.69	-0.035533	-0.0187826	1.0001	1.0003	0.00020003	1.0002
312833.0	1.0	2.0	1.0	25028.0	10346.9	0.0	0.0	35374.9	-35374.9	-1216.67	1.0001	1.0002	0.00010001	1.00015
312844.0	1.0	2.0	1.0	32596.0	15404.0	47998.2	0.0	48000.0	-1.78735	-0.0453044	1.0001	1.0002	0.00010001	1.00015
312924.0	1.0	2.0	1.0	6.72257	3.27583	9.99802	0.0	9.9984	-0.000383	-0.0466058	1.0001	1.0002	0.00010001	1.00015
312985.0	1.0	2.0	1.0	4754.16	2481.2	7235.06	0.0	7235.35	-0.290628	-0.0488708	1.0001	1.0002	0.00010001	1.00015
313005.0	1.0	2.0	1.0	11338.8	6000.8	17338.9	0.0	17339.6	-0.703833	-0.0493858	1.0001	1.0002	0.00010001	1.00015
313010.0	1.0	2.0	1.0	444.865	237.324	682.161	0.0	682.189	-0.027858	-0.049684	1.0001	1.0002	0.00010001	1.00015
313034.0	1.0	2.0	1.0	15406.2	8496.24	23901.4	0.0	23902.4	-1.0005	-0.050927	1.0001	1.0002	0.00010001	1.00015
313045.0	1.0	2.0	1.0	4576.95	2524.11	7100.76	0.0	7101.05	-0.297235	-0.0509271	1.0001	1.0002	0.00010001	1.00015
313052.0	1.0	3.0	2.0	46821.0	4331.56	51152.1	0.0	51152.6	-0.469784	-0.0111738	1.0001	1.0003	0.00020003	1.0002
313094.0	1.0	2.0	1.0	78207.1	21798.7	100003.0	0.0	100006.0	-2.41751	-0.0294113	1.0001	1.0002	0.00010001	1.00015
313124.0	1.0	2.0	1.0	6266.14	1909.44	8175.37	0.0	8175.58	-0.213217	-0.0317304	1.0001	1.0002	0.00010001	1.00015
313277.0	0.0	3.0	3.0	5955.0	4183.16	6498.35	3639.74	10138.2	-0.062887	-0.00754699	1.0	1.0003	0.00030003	1.00015
313295.0	1.0	2.0	1.0	13282.7	4921.82	18204.0	0.0	18204.6	-0.55865	-0.0373363	1.0001	1.0002	0.00010001	1.00015
313311.0	0.0	2.0	2.0	4680.12	5447.11	10126.9	0.0	10127.2	-0.292947	-0.0351941	1.0	1.0002	0.00020001	1.0001
313609.0	1.0	2.0	1.0	193281.0	16032.1	209311.0	0.0	209313.0	-1.66448	-0.00967507	1.0001	1.0002	0.00010001	1.00015
313656.0	1.0	2.0	1.0	140000.0	11160.0	151159.0	0.0	151160.0	-1.15708	-0.00931317	1.0001	1.0002	0.00010001	1.00015
313864.0	0.0	1.0	1.0	27.6126	8403.8	8431.0	0.0	8431.42	-0.418784	-0.0604312	1.0	1.0001	0.0001	1.00005
313866.0	0.0	1.0	1.0	290.409	13184.1	13473.9	0.0	13474.5	-0.64495	-0.058235	1.0	1.0001	0.0001	1.00005
313881.0	0.0	1.0	1.0	26333.1	45242.4	71574.1	0.0	71575.6	-1.51488	-0.0257504	1.0	1.0001	0.0001	1.00005
313907.0	0.0	1.0	1.0	2952.04	36038.5	38988.9	0.0	38990.5	-1.66537	-0.0519664	1.0	1.0001	0.0001	1.00005
313909.0	0.0	1.0	1.0	345.495	2653.55	2538.28	460.661	2999.05	-0.106981	-0.0434005	1.0	1.0001	0.0001	1.00005
313910.0	0.0	1.0	1.0	7216.6	54750.3	61964.5	0.0	61966.9	-2.41851	-0.0474855	1.0	1.0001	0.0001	1.00005
313918.0	0.0	1.0	1.0	171.97	1207.25	531.692	847.502	1379.22	-0.027031	-0.0238451	1.0	1.0001	0.0001	1.00005
313937.0	0.0	1.0	1.0	2326.43	14087.9	16413.7	0.0	16414.3	-0.604512	-0.0448078	1.0	1.0001	0.0001	1.00005
313946.0	0.0	1.0	1.0	1025.32	6208.86	7233.92	0.0	7234.18	-0.266422	-0.0448076	1.0	1.0001	0.0001	1.00005
313986.0	0.0	1.0	1.0	85376.4	173863.0	259234.0	0.0	259239.0	-5.8298	-0.0273605	1.0	1.0001	0.0001	1.00005
313994.0	0.0	1.0	1.0	4.22736	7.77165	11.9987	0.0	11.999	-0.000256	-0.0259577	1.0	1.0001	0.0001	1.00005
314025.0	0.0	1.0	1.0	4516.56	5442.23	7677.99	2280.69	9958.79	-0.116951	-0.0142879	1.0	1.0001	0.0001	1.00005
314043.0	0.0	1.0	1.0	59762.3	83255.9	143016.0	0.0	143018.0	-2.4231	-0.0206135	1.0	1.0001	0.0001	1.00005
314056.0	0.0	1.0	1.0	20534.1	27465.9	47999.2	0.0	48000.0	-0.785742	-0.0199164	1.0	1.0001	0.0001	1.00005
314057.0	0.0	1.0	1.0	15928.4	21305.5	37233.4	0.0	37234.0	-0.609507	-0.0199164	1.0	1.0001	0.0001	1.00005
314084.0	0.0	1.0	1.0	116000.0	87407.7	203406.0	0.0	203408.0	-1.87939	-0.0112414	1.0	1.0001	0.0001	1.00005
314096.0	0.0	1.0	1.0	14014.2	9869.11	23883.1	0.0	23883.3	-0.203904	-0.0103873	1.0	1.0001	0.0001	1.00005
314252.0	0.0	1.0	1.0	24998.2	21733.0	24338.1	22393.1	46731.2	0.031163	0.000811342	1.0	1.0001	0.0001	1.00005
314320.0	-3.0	1.0	4.0	1999.91	12962.2	14963.8	0.0	14962.2	1.64276	0.133583	0.9997	1.0001	0.00039994	0.9999
314323.0	0.0	1.0	1.0	55917.2	45402.0	101318.0	0.0	101319.0	-1.01736	-0.0122167	1.0	1.0001	0.0001	1.00005
314382.0	0.0	1.0	1.0	4549.41	3549.59	8098.92	0.0	8098.99	-0.077779	-0.0116843	1.0	1.0001	0.0001	1.00005
314536.0	0.0	1.0	1.0	95716.6	129401.0	225114.0	0.0	225117.0	-3.71876	-0.0200983	1.0	1.0001	0.0001	1.00005
314679.0	0.0	1.0	1.0	93521.3	115894.0	110335.0	99079.4	209415.0	-0.864902	-0.00502494	1.0	1.0001	0.0001	1.00005
314741.0	0.0	1.0	1.0	313.675	368.176	681.842	0.0	681.851	-0.00994	-0.0177365	1.0	1.0001	0.0001	1.00005
314756.0	-1.0	1.0	2.0	9000.0	30401.3	0.0	0.0	39401.3	-39401.3	-1216.67	0.9999	1.0001	0.00019999	1.0
314797.0	-1.0	1.0	2.0	218.859	745.948	964.825	0.0	964.808	0.01692	0.0213369	0.9999	1.0001	0.00019999	1.0
314815.0	0.0	1.0	1.0	70004.7	73026.6	143029.0	0.0	143031.0	-1.86407	-0.0158564	1.0	1.0001	0.0001	1.00005
314998.0	0.0	1.0	1.0	17162.6	18826.7	35988.8	0.0	35989.3	-0.492388	-0.0166459	1.0	1.0001	0.0001	1.00005
315650.0	-1.0	1.0	2.0	1721.38	7506.65	0.0	9228.17	9228.03	0.140024	0.0184614	0.9999	1.0001	0.00019999	1.0
315877.0	-1.0	4.0	5.0	31040.4	14886.8	0.0	0.0	45927.2	-45927.2	-1216.67	0.9999	1.0004	0.00050005	1.00015
315996.0	-1.0	1.0	2.0	158.718	677.382	836.113	0.0	836.1	0.012857	0.0187091	0.9999	1.0001	0.00019999	1.0
316046.0	-1.0	4.0	5.0	6700.0	3208.58	1877.44	8032.03	9908.58	0.885338	0.10871	0.9999	1.0004	0.00050005	1.00015
316182.0	-4.0	6.0	10.0	7.07205	4.13553	0.0	0.0	11.2076	-11.2076	-1216.67	0.9996	1.0006	0.00100005	1.0001
316193.0	-1.0	1.0	2.0	500.0	2124.58	2624.62	0.0	2624.58	0.040474	0.0187624	0.9999	1.0001	0.00019999	1.0
316205.0	0.0	1.0	1.0	2000.0	3260.49	0.0	5260.66	5260.49	0.161977	0.0374626	1.0	1.0001	0.0001	1.00005
316270.0	-1.0	4.0	5.0	10.0	4.7842	0.0	0.0	14.7842	-14.7842	-1216.67	0.9999	1.0004	0.00050005	1.00015
316440.0	-1.0	2.0	3.0	439.972	515.784	0.0	0.0	955.756	-955.756	-1216.67	0.9999	1.0002	0.0003	1.00005
316525.0	-1.0	4.0	5.0	1041.64	505.667	1547.32	0.0	1547.31	0.009255	0.0072773	0.9999	1.0004	0.00050005	1.00015
316544.0	-1.0	1.0	2.0	1.82869	8.16282	0.0	0.0	9.99151	-9.99151	-1216.67	0.9999	1.0001	0.00019999	1.0
316701.0	0.0	1.0	1.0	16488.2	28884.4	45371.7	0.0	45372.6	-0.919318	-0.0246515	1.0	1.0001	0.0001	1.00005
316895.0	-1.0	3.0	4.0	1311.72	908.931	2220.67	0.0	2220.65	0.016489	0.0090341	0.9999	1.0003	0.00040002	1.0001
317144.0	-1.0	2.0	3.0	8567.97	10000.6	9454.52	9114.0	18568.6	-0.048235	-0.0031605	0.9999	1.0002	0.0003	1.00005
317201.0	-1.0	4.0	5.0	562.872	268.72	0.0	0.0	831.592	-831.592	-1216.67	0.9999	1.0004	0.00050005	1.00015
317360.0	-3.0	4.0	7.0	665.448	710.885	742.797	633.532	1376.33	-0.00324	-0.00286413	0.9997	1.0004	0.0007	1.00005
317504.0	0.0	1.0	1.0	9.77629	15.6307	9.66198	15.745	25.407	4e-06	0.000191548	1.0	1.0001	0.0001	1.00005
317658.0	-2.0	1.0	3.0	256.896	1743.96	0.0	2000.87	2000.85	0.020741	0.0126121	0.9998	1.0001	0.00029997	0.99995
317950.0	0.0	1.0	1.0	311.093	373.4	684.483	0.0	684.493	-0.010667	-0.0189603	1.0	1.0001	0.0001	1.00005
318043.0	0.0	1.0	1.0	400.962	642.039	1042.98	0.0	1043.0	-0.01976	-0.0230501	1.0	1.0001	0.0001	1.00005
318100.0	0.0	1.0	1.0	31.2276	50.003	81.229	0.0	81.2306	-0.00154	-0.023066	1.0	1.0001	0.0001	1.00005
318164.0	0.0	1.0	1.0	11970.5	19555.6	31525.5	0.0	31526.2	-0.606466	-0.0234049	1.0	1.0001	0.0001	1.00005
318463.0	0.0	1.0	1.0	38.5073	62.7511	54.6072	46.6503	101.258	-0.000875	-0.0105135	1.0	1.0001	0.0001	1.00005
318631.0	0.0	1.0	1.0	21187.3	35638.2	56824.4	0.0	56825.5	-1.11743	-0.0239248	1.0	1.0001	0.0001	1.00005
318839.0	0.0	1.0	1.0	4318.68	3976.77	4346.72	3948.73	8295.45	-0.001341	-0.00019668	1.0	1.0001	0.0001	1.00005
318909.0	0.0	1.0	1.0	0.606164	0.557706	0.0	0.0	1.16387	-1.16387	-1216.67	1.0	1.0001	0.0001	1.00005
321462.0	-1.0	2.0	3.0	25000.0	17116.0	25000.4	17115.6	42116.0	-1e-05	-2.88885e-07	0.9999	1.0002	0.0003	1.00005
321728.0	0.0	1.0	1.0	9681.03	2854.63	0.0	0.0	12535.7	-12535.7	-1216.67	1.0	1.0001	0.0001	1.00005
322096.0	-2.0	1.0	3.0	128.226	370.008	0.0	498.242	498.235	0.007871	0.0192206	0.9998	1.0001	0.00029997	0.99995
322134.0	0.0	1.0	1.0	45076.2	12900.9	57976.9	0.0	57977.0	-0.143522	-0.00301185	1.0	1.0001	0.0001	1.00005
322147.0	-2.0	3.0	5.0	62.4845	50.0011	56.7563	55.7294	112.486	0.000199	0.00215242	0.9998	1.0003	0.0005	1.00005
322189.0	-1.0	1.0	2.0	5605.2	3298.25	8903.59	0.0	8903.45	0.143615	0.0196252	0.9999	1.0001	0.00019999	1.0
322484.0	-1.0	4.0	5.0	621.537	201.195	822.74	0.0	822.732	0.007819	0.0115628	0.9999	1.0004	0.00050005	1.00015
323207.0	0.0	1.0	1.0	19301.1	6246.86	16456.8	9091.24	25548.0	0.085374	0.00406575	1.0	1.0001	0.0001	1.00005
323729.0	0.0	1.0	1.0	47043.3	14989.4	62032.6	0.0	62032.8	-0.181101	-0.00355199	1.0	1.0001	0.0001	1.00005
324001.0	-1.0	1.0	2.0	29032.8	50000.0	79034.6	0.0	79032.8	1.83671	0.0282752	0.9999	1.0001	0.00019999	1.0
324142.0	0.0	2.0	2.0	1600.0	245.0	1510.97	334.037	1845.0	0.002793	0.00184182	1.0	1.0002	0.00020001	1.0001
324341.0	0.0	1.0	1.0	354.164	128.668	354.164	128.668	482.832	-2e-06	-5.03971e-06	1.0	1.0001	0.0001	1.00005
324402.0	0.0	1.0	1.0	5499.75	1990.6	7490.32	0.0	7490.35	-0.026449	-0.00429615	1.0	1.0001	0.0001	1.00005
324657.0	-4.0	6.0	10.0	2206.73	2810.55	0.0	0.0	5017.28	-5017.28	-1216.67	0.9996	1.0006	0.00100005	1.0001
324680.0	-1.0	4.0	5.0	624.612	228.957	0.0	0.0	853.569	-853.569	-1216.67	0.9999	1.0004	0.00050005	1.00015
325572.0	-1.0	4.0	5.0	12493.4	4641.28	0.0	17137.4	17134.7	2.72014	0.193146	0.9999	1.0004	0.00050005	1.00015
326048.0	-1.0	4.0	5.0	1749.94	651.952	2401.91	0.0	2401.89	0.020956	0.0106152	0.9999	1.0004	0.00050005	1.00015
327064.0	-1.0	2.0	3.0	25463.0	21175.8	34239.5	12399.6	46638.8	0.301996	0.00787817	0.9999	1.0002	0.0003	1.00005
327397.0	-1.0	4.0	5.0	3495.0	1312.24	0.0	0.0	4807.24	-4807.24	-1216.67	0.9999	1.0004	0.00050005	1.00015
328198.0	-1.0	4.0	5.0	30.0	12.7694	0.0	0.0	42.7694	-42.7694	-1216.67	0.9999	1.0004	0.00050005	1.00015
328666.0	-1.0	4.0	5.0	31.0516	13.0006	44.0525	0.0	44.0522	0.00034	0.00939038	0.9999	1.0004	0.00050005	1.00015
328710.0	0.0	1.0	1.0	526.444	475.546	1001.98	0.0	1001.99	-0.011285	-0.0137028	1.0	1.0001	0.0001	1.00005
329284.0	0.0	1.0	1.0	265.128	240.611	505.734	0.0	505.739	-0.005724	-0.0137703	1.0	1.0001	0.0001	1.00005
329836.0	-2.0	2.0	4.0	4020.99	6539.22	0.0	0.0	10560.2	-10560.2	-1216.67	0.9998	1.0002	0.00039998	1.0
329965.0	0.0	1.0	1.0	519.063	472.945	991.996	0.0	992.007	-0.011274	-0.0138272	1.0	1.0001	0.0001	1.00005
330230.0	-1.0	0.0	1.0	1090.21	8100.57	9191.22	0.0	9190.77	0.45306	0.0599757	0.9999	1.0	9.999e-05	0.99995
330232.0	-1.0	0.0	1.0	4628.18	34356.3	38986.4	0.0	38984.4	1.9217	0.0599744	0.9999	1.0	9.999e-05	0.99995
330233.0	-2.0	0.0	2.0	942.726	9182.94	10126.7	0.0	10125.7	1.00379	0.120612	0.9998	1.0	0.00019997	0.9999
330234.0	-1.0	0.0	1.0	3133.04	10350.4	13484.1	0.0	13483.5	0.637757	0.0575474	0.9999	1.0	9.999e-05	0.99995
330236.0	-1.0	0.0	1.0	459.856	1519.2	1979.15	0.0	1979.05	0.093607	0.057547	0.9999	1.0	9.999e-05	0.99995
330304.0	-1.0	0.0	1.0	305.286	107.992	413.287	0.0	413.278	0.009387	0.0276348	0.9999	1.0	9.999e-05	0.99995
330310.0	-1.0	2.0	3.0	418.71	39.8966	418.789	39.8186	458.607	4e-06	1.06118e-05	0.9999	1.0002	0.0003	1.00005
330311.0	-1.0	0.0	1.0	503.837	177.453	681.305	0.0	681.289	0.015433	0.0275607	0.9999	1.0	9.999e-05	0.99995
330324.0	-1.0	0.0	1.0	8.87299	3.12509	11.9984	0.0	11.9981	0.00027	0.0273794	0.9999	1.0	9.999e-05	0.99995
330339.0	-2.0	1.0	3.0	129.608	93.9099	194.389	29.1374	223.518	0.007604	0.0413905	0.9998	1.0001	0.00029997	0.99995
330346.0	-1.0	0.0	1.0	5353.54	1885.53	7239.24	0.0	7239.07	0.163995	0.0275625	0.9999	1.0	9.999e-05	0.99995
330397.0	-1.0	0.0	1.0	1595.33	537.816	2133.19	0.0	2133.14	0.046886	0.0267421	0.9999	1.0	9.999e-05	0.99995
330401.0	-1.0	0.0	1.0	2014.53	531.965	2546.54	0.0	2546.49	0.04759	0.0227376	0.9999	1.0	9.999e-05	0.99995
330450.0	-1.0	0.0	1.0	212235.0	47750.0	259989.0	0.0	259985.0	4.28863	0.0200698	0.9999	1.0	9.999e-05	0.99995
330455.0	-1.0	1.0	2.0	55830.1	6198.89	62029.6	0.0	62029.0	0.557932	0.0109435	0.9999	1.0001	0.00019999	1.0
330458.0	-1.0	0.0	1.0	47926.9	10967.9	58895.8	0.0	58894.8	0.994648	0.0205477	0.9999	1.0	9.999e-05	0.99995
330559.0	-1.0	0.0	1.0	38789.6	9210.4	48000.8	0.0	48000.0	0.832664	0.0211057	0.9999	1.0	9.999e-05	0.99995
330564.0	-1.0	0.0	1.0	850.451	142.738	993.202	0.0	993.189	0.013247	0.0162277	0.9999	1.0	9.999e-05	0.99995
330651.0	-1.0	0.0	1.0	154320.0	18624.3	172946.0	0.0	172944.0	1.76214	0.0123967	0.9999	1.0	9.999e-05	0.99995
330661.0	-1.0	0.0	1.0	6400.56	829.224	7229.86	0.0	7229.78	0.078165	0.013154	0.9999	1.0	9.999e-05	0.99995
330669.0	-2.0	0.0	2.0	10152.9	12782.6	18507.6	4428.9	22935.4	1.04383	0.0553725	0.9998	1.0	0.00019997	0.9999
330704.0	-1.0	0.0	1.0	1015.05	67.9273	1082.98	0.0	1082.98	0.006579	0.00739116	0.9999	1.0	9.999e-05	0.99995
330738.0	-1.0	0.0	1.0	154164.0	8933.86	163099.0	0.0	163098.0	0.868906	0.00648181	0.9999	1.0	9.999e-05	0.99995
330820.0	-1.0	0.0	1.0	9858.24	533.007	10391.3	0.0	10391.2	0.051933	0.00608061	0.9999	1.0	9.999e-05	0.99995
330975.0	-1.0	1.0	2.0	61564.6	1699.84	0.0	0.0	63264.4	-63264.4	-1216.67	0.9999	1.0001	0.00019999	1.0
331038.0	-1.0	0.0	1.0	30275.5	1713.51	31989.2	0.0	31989.1	0.166761	0.00634256	0.9999	1.0	9.999e-05	0.99995
331332.0	-1.0	0.0	1.0	21645.0	2262.52	23907.8	0.0	23907.6	0.215543	0.0109691	0.9999	1.0	9.999e-05	0.99995
331458.0	-1.0	0.0	1.0	91795.0	8713.84	100510.0	0.0	100509.0	0.833606	0.0100909	0.9999	1.0	9.999e-05	0.99995
331539.0	-1.0	0.0	1.0	83.9946	9.99911	93.9946	0.0	93.9937	0.000946	0.0122452	0.9999	1.0	9.999e-05	0.99995
331581.0	-2.0	3.0	5.0	35502.9	9999.08	0.0	45505.7	45502.0	3.72563	0.0996187	0.9998	1.0003	0.0005	1.00005
331647.0	-1.0	0.0	1.0	20917.4	2381.47	23299.1	0.0	23298.8	0.225973	0.0118003	0.9999	1.0	9.999e-05	0.99995
331744.0	-1.0	0.0	1.0	90542.3	9865.38	100409.0	0.0	100408.0	0.938067	0.0113668	0.9999	1.0	9.999e-05	0.99995
332025.0	-1.0	0.0	1.0	5103.84	518.899	5622.79	0.0	5622.74	0.049495	0.0107099	0.9999	1.0	9.999e-05	0.99995
332094.0	-1.0	1.0	2.0	187.305	8.82908	196.135	0.0	196.134	0.000842	0.00522314	0.9999	1.0001	0.00019999	1.0
332097.0	-1.0	0.0	1.0	622.783	61.5933	684.382	0.0	684.376	0.005881	0.0104551	0.9999	1.0	9.999e-05	0.99995
332219.0	-1.0	1.0	2.0	2828.02	131.988	2960.02	0.0	2960.0	0.012609	0.00518275	0.9999	1.0001	0.00019999	1.0
332296.0	-1.0	1.0	2.0	958.384	44.6008	1002.99	0.0	1002.98	0.00426	0.00516758	0.9999	1.0001	0.00019999	1.0
332428.0	-1.0	0.0	1.0	3846.25	365.526	3662.99	548.769	4211.78	-0.016283	-0.00470371	0.9999	1.0	9.999e-05	0.99995
332440.0	-1.0	1.0	2.0	6017.01	272.286	6289.32	0.0	6289.29	0.026049	0.00503919	0.9999	1.0001	0.00019999	1.0
332472.0	-5.0	3.0	8.0	38.1169	39.8367	0.0	77.9575	77.9536	0.003979	0.0621026	0.9995	1.0003	0.00079988	0.9999
332776.0	-1.0	0.0	1.0	9082.67	873.813	9956.57	0.0	9956.48	0.083546	0.0102092	0.9999	1.0	9.999e-05	0.99995
333098.0	-1.0	0.0	1.0	17738.0	1063.39	18801.5	0.0	18801.4	0.103331	0.00668669	0.9999	1.0	9.999e-05	0.99995
333207.0	-1.0	1.0	2.0	1132.0	33.0965	1165.1	0.0	1165.1	0.003215	0.0033573	0.9999	1.0001	0.00019999	1.0
333449.0	-2.0	-1.0	1.0	1806.26	11676.6	13484.7	0.0	13482.9	1.82975	0.165113	0.9998	0.9999	9.998e-05	0.99985
333450.0	-2.0	-1.0	1.0	654.424	3482.3	4137.28	0.0	4136.73	0.549902	0.161734	0.9998	0.9999	9.998e-05	0.99985
333453.0	-2.0	-1.0	1.0	6168.82	32825.3	38999.3	0.0	38994.1	5.18356	0.161734	0.9998	0.9999	9.998e-05	0.99985
333455.0	-2.0	-1.0	1.0	411.838	1566.91	1979.0	0.0	1978.75	0.251348	0.154545	0.9998	0.9999	9.998e-05	0.99985
333469.0	-2.0	-1.0	1.0	186861.0	73102.7	259977.0	0.0	259964.0	13.5835	0.0635726	0.9998	0.9999	9.998e-05	0.99985
333487.0	-2.0	-1.0	1.0	9.68896	1.83406	11.5234	0.0	11.523	0.000351	0.0370606	0.9998	0.9999	9.998e-05	0.99985
333509.0	-2.0	-1.0	1.0	140176.0	25075.3	165256.0	0.0	165251.0	4.825	0.0355243	0.9998	0.9999	9.998e-05	0.99985
333522.0	-2.0	-1.0	1.0	11023.7	2243.73	13267.8	0.0	13267.4	0.42979	0.0394133	0.9998	0.9999	9.998e-05	0.99985
333523.0	-2.0	-1.0	1.0	6041.89	1200.44	7242.56	0.0	7242.33	0.230112	0.0386574	0.9998	0.9999	9.998e-05	0.99985
333534.0	-2.0	-1.0	1.0	85935.8	13821.4	99759.8	0.0	99757.2	2.66864	0.0325475	0.9998	0.9999	9.998e-05	0.99985
333553.0	-2.0	-1.0	1.0	41293.2	6706.84	48001.3	0.0	48000.0	1.29456	0.0328136	0.9998	0.9999	9.998e-05	0.99985
333575.0	-2.0	-1.0	1.0	150000.0	12437.9	0.0	162416.0	162438.0	-21.9229	-0.164204	0.9998	0.9999	9.998e-05	0.99985
333601.0	-2.0	-1.0	1.0	18551.6	558.819	19110.5	0.0	19110.4	0.110891	0.0070599	0.9998	0.9999	9.998e-05	0.99985
333636.0	-3.0	-2.0	1.0	303.712	3174.89	3479.41	0.0	3478.6	0.80764	0.282478	0.9997	0.9998	9.997e-05	0.99975
333638.0	-3.0	-2.0	1.0	3391.91	10090.7	13485.3	0.0	13482.6	2.64981	0.239117	0.9997	0.9998	9.997e-05	0.99975
333644.0	-3.0	-2.0	1.0	7206.68	31781.4	38996.3	0.0	38988.1	8.23969	0.257128	0.9997	0.9998	9.997e-05	0.99975
333645.0	-4.0	-2.0	2.0	1427.65	8695.94	10126.3	0.0	10123.6	2.73168	0.328297	0.9996	0.9998	0.00019993	0.9997
333647.0	-3.0	-2.0	1.0	645.894	1332.6	1978.84	0.0	1978.49	0.354926	0.218261	0.9997	0.9998	9.997e-05	0.99975
333661.0	-3.0	-2.0	1.0	173816.0	82635.5	0.0	256411.0	256452.0	-40.6516	-0.192861	0.9997	0.9998	9.997e-05	0.99975
333672.0	-3.0	-2.0	1.0	13178.0	5682.82	0.0	18857.7	18860.8	-3.09903	-0.199911	0.9997	0.9998	9.997e-05	0.99975
333677.0	-4.0	-2.0	2.0	221.496	458.022	679.67	0.0	679.517	0.15235	0.272781	0.9996	0.9998	0.00019993	0.9997
333726.0	-4.0	-3.0	1.0	3097.55	10384.3	13485.6	0.0	13481.8	3.75424	0.338802	0.9996	0.9997	9.996e-05	0.99965
333728.0	-4.0	-3.0	1.0	13.1811	68.2214	81.4269	0.0	81.4025	0.024431	0.365153	0.9996	0.9997	9.996e-05	0.99965
333729.0	-4.0	-3.0	1.0	5546.35	33435.2	38993.5	0.0	38981.5	11.9416	0.372715	0.9996	0.9997	9.996e-05	0.99965
333730.0	-4.0	-3.0	1.0	444.644	1533.51	1978.71	0.0	1978.15	0.55403	0.340757	0.9996	0.9997	9.996e-05	0.99965
333736.0	-4.0	-2.0	2.0	105.676	67.4	173.101	0.0	173.076	0.024337	0.171081	0.9996	0.9998	0.00019993	0.9997
333742.0	-4.0	-3.0	1.0	2.6436	9.31498	11.9619	0.0	11.9586	0.003362	0.34205	0.9996	0.9997	9.996e-05	0.99965
333744.0	-4.0	-2.0	2.0	14.1111	9.0	23.1144	0.0	23.1111	0.003249	0.171041	0.9996	0.9998	0.00019993	0.9997
333749.0	-4.0	-3.0	1.0	2160.5	5060.23	7222.56	0.0	7220.72	1.83972	0.309985	0.9996	0.9997	9.996e-05	0.99965
333750.0	-4.0	-2.0	2.0	1755.48	1053.79	0.0	2808.81	2809.27	-0.460699	-0.199524	0.9996	0.9998	0.00019993	0.9997
333754.0	-4.0	-3.0	1.0	45502.3	12573.7	58080.9	0.0	58076.0	4.89404	0.102528	0.9996	0.9997	9.996e-05	0.99965
333755.0	-4.0	-3.0	1.0	1072.31	1071.89	0.0	2143.84	2144.2	-0.363617	-0.206324	0.9996	0.9997	9.996e-05	0.99965
333762.0	-4.0	-3.0	1.0	609.403	552.735	0.0	1161.94	1162.14	-0.198755	-0.208081	0.9996	0.9997	9.996e-05	0.99965
333763.0	-4.0	-3.0	1.0	35697.8	32378.3	68088.3	0.0	68076.2	12.1829	0.217734	0.9996	0.9997	9.996e-05	0.99965
333770.0	-4.0	-3.0	1.0	27334.7	16056.0	43396.8	0.0	43390.7	6.12612	0.171775	0.9996	0.9997	9.996e-05	0.99965
333776.0	-4.0	-3.0	1.0	33952.3	14047.7	48005.4	0.0	48000.0	5.41424	0.137236	0.9996	0.9997	9.996e-05	0.99965
333780.0	-4.0	-3.0	1.0	7002.6	2897.32	9901.04	0.0	9899.92	1.11668	0.137236	0.9996	0.9997	9.996e-05	0.99965
333787.0	-5.0	0.0	5.0	16547.6	4622.26	6927.23	14239.9	21169.8	-2.66631	-0.153237	0.9995	1.0	0.00049985	0.99975
333789.0	-4.0	-3.0	1.0	82335.0	6368.76	88706.3	0.0	88703.8	2.52501	0.0346331	0.9996	0.9997	9.996e-05	0.99965
333802.0	-5.0	-4.0	1.0	306.068	11375.7	0.0	11681.6	11681.7	-0.122799	-0.0127897	0.9995	0.9996	9.995e-05	0.99955
333808.0	-5.0	-4.0	1.0	952.62	38021.6	0.0	38973.9	38974.3	-0.382117	-0.0119286	0.9995	0.9996	9.995e-05	0.99955
333809.0	-5.0	-4.0	1.0	1934.49	11546.5	0.0	13480.2	13481.0	-0.787472	-0.0710696	0.9995	0.9996	9.995e-05	0.99955
333812.0	-6.0	-4.0	2.0	497.158	9622.52	0.0	10119.5	10119.7	-0.201255	-0.0241965	0.9994	0.9996	0.00019989	0.9995
333813.0	-5.0	-4.0	1.0	194.282	1783.12	0.0	1977.32	1977.4	-0.078648	-0.048391	0.9995	0.9996	9.995e-05	0.99955
333836.0	-5.0	-4.0	1.0	1594.14	5644.17	0.0	7237.65	7238.31	-0.657875	-0.11058	0.9995	0.9996	9.995e-05	0.99955
333845.0	-5.0	-4.0	1.0	3820.67	21028.8	0.0	24847.9	24849.4	-1.55724	-0.0762447	0.9995	0.9996	9.995e-05	0.99955
333853.0	-6.0	-1.0	5.0	632.807	314.994	105.18	842.466	947.801	-0.155428	-0.199519	0.9994	0.9999	0.0004998	0.99965
333854.0	-5.0	-4.0	1.0	25512.7	49978.6	0.0	75480.7	75491.3	-10.6333	-0.171374	0.9995	0.9996	9.995e-05	0.99955
333872.0	-5.0	-4.0	1.0	30133.7	31149.8	0.0	61270.7	61283.5	-12.7908	-0.253937	0.9995	0.9996	9.995e-05	0.99955
333873.0	-6.0	-1.0	5.0	37.0332	15.9923	5.88426	47.1317	53.0254	-0.009417	-0.216073	0.9994	0.9999	0.0004998	0.99965
333876.0	-5.0	-4.0	1.0	8432.86	9828.06	0.0	18257.3	18260.9	-3.56688	-0.23765	0.9995	0.9996	9.995e-05	0.99955
333877.0	-5.0	-4.0	1.0	5.24632	6.11431	0.0	11.3584	11.3606	-0.00222	-0.237751	0.9995	0.9996	9.995e-05	0.99955
333887.0	-5.0	-4.0	1.0	484.016	560.983	0.0	1044.79	1045.0	-0.204762	-0.238399	0.9995	0.9996	9.995e-05	0.99955
333904.0	-6.0	-4.0	2.0	925.425	2998.66	0.0	3923.69	3924.09	-0.391885	-0.121504	0.9994	0.9996	0.00019989	0.9995
333914.0	-9.0	1.0	10.0	1102.39	904.178	522.632	1483.76	2006.57	-0.176714	-0.107149	0.9991	1.0001	0.00099955	0.9996
333934.0	-9.0	1.0	10.0	5421.71	4456.87	2570.27	7307.44	9878.58	-0.867925	-0.106896	0.9991	1.0001	0.00099955	0.9996
334016.0	-5.0	-4.0	1.0	562.983	587.627	0.0	1150.37	1150.61	-0.238901	-0.252616	0.9995	0.9996	9.995e-05	0.99955
334027.0	-6.0	-1.0	5.0	13329.6	5594.68	0.0	18920.6	18924.3	-3.67922	-0.236542	0.9994	0.9999	0.0004998	0.99965
334029.0	-6.0	-3.0	3.0	3616.77	3573.61	0.0	7189.03	7190.38	-1.35754	-0.229705	0.9994	0.9997	0.00029985	0.99955
334033.0	-6.0	-1.0	5.0	3953.25	1679.63	0.0	5631.78	5632.87	-1.08865	-0.235142	0.9994	0.9999	0.0004998	0.99965
334034.0	-6.0	-1.0	5.0	136.511	58.0	24.7511	169.726	194.511	-0.034332	-0.214746	0.9994	0.9999	0.0004998	0.99965
334035.0	-5.0	-4.0	1.0	34915.5	23820.6	0.0	58721.1	58736.1	-14.9998	-0.310708	0.9995	0.9996	9.995e-05	0.99955
334043.0	-6.0	-3.0	3.0	61.983	54.7264	0.0	116.686	116.709	-0.023527	-0.245263	0.9994	0.9997	0.00029985	0.99955
334057.0	-6.0	-4.0	2.0	203.692	474.261	0.0	677.865	677.953	-0.087573	-0.15716	0.9994	0.9996	0.00019989	0.9995
334066.0	-5.0	-4.0	1.0	35679.3	16924.0	0.0	52587.9	52603.4	-15.4774	-0.357979	0.9995	0.9996	9.995e-05	0.99955
334140.0	-6.0	-1.0	5.0	1.5009	0.471259	0.250945	1.7208	1.97215	-0.000404	-0.249237	0.9994	0.9999	0.0004998	0.99965
334152.0	-3.0	-2.0	1.0	9458.92	29513.0	0.0	38969.9	38971.9	-2.00624	-0.0626329	0.9997	0.9998	9.997e-05	0.99975
334154.0	-3.0	-2.0	1.0	3160.09	10320.9	0.0	13480.3	13481.0	-0.668946	-0.0603729	0.9997	0.9998	9.997e-05	0.99975
334155.0	-4.0	-2.0	2.0	1186.02	8932.63	0.0	10118.4	10118.6	-0.251065	-0.0301881	0.9996	0.9998	0.00019993	0.9997
334157.0	-3.0	-2.0	1.0	463.481	1513.73	0.0	1977.11	1977.21	-0.098113	-0.0603733	0.9997	0.9998	9.997e-05	0.99975
334158.0	-3.0	-2.0	1.0	2597.09	9018.78	0.0	11615.3	11615.9	-0.548361	-0.0574363	0.9997	0.9998	9.997e-05	0.99975
334188.0	-3.0	-2.0	1.0	12876.6	159857.0	0.0	172731.0	172733.0	-2.62291	-0.0184748	0.9997	0.9998	9.997e-05	0.99975
334204.0	-3.0	-2.0	1.0	555.771	5998.74	0.0	6554.4	6554.51	-0.113494	-0.0210671	0.9997	0.9998	9.997e-05	0.99975
334229.0	-3.0	-2.0	1.0	77.5321	1209.02	0.0	1286.54	1286.55	-0.015739	-0.014884	0.9997	0.9998	9.997e-05	0.99975
334247.0	-3.0	-2.0	1.0	62.8173	981.432	0.0	1044.24	1044.25	-0.012751	-0.0148563	0.9997	0.9998	9.997e-05	0.99975
334270.0	-3.0	-2.0	1.0	127.871	2143.84	0.0	2271.68	2271.71	-0.025931	-0.013888	0.9997	0.9998	9.997e-05	0.99975
334274.0	-3.0	-2.0	1.0	0.67124	11.2538	0.0	11.9249	11.925	-0.000137	-0.0139776	0.9997	0.9998	9.997e-05	0.99975
334278.0	-3.0	-2.0	1.0	248.605	3724.71	0.0	3973.26	3973.31	-0.050492	-0.0154611	0.9997	0.9998	9.997e-05	0.99975
334293.0	-3.0	-2.0	1.0	2749.04	21154.3	0.0	23902.8	23903.3	-0.565568	-0.0287871	0.9997	0.9998	9.997e-05	0.99975
334349.0	-3.0	-2.0	1.0	5526.81	48860.9	0.0	54386.6	54387.7	-1.13327	-0.0253515	0.9997	0.9998	9.997e-05	0.99975
334362.0	-2.0	-1.0	1.0	7170.88	1089.27	0.0	8259.13	8260.16	-1.02822	-0.15145	0.9998	0.9999	9.998e-05	0.99985
334363.0	-2.0	-1.0	1.0	11216.7	2265.67	0.0	13480.8	13482.3	-1.58805	-0.143308	0.9998	0.9999	9.998e-05	0.99985
334365.0	-2.0	-1.0	1.0	45228.1	13659.2	0.0	58881.1	58887.3	-6.25963	-0.12933	0.9998	0.9999	9.998e-05	0.99985
334367.0	-2.0	-1.0	1.0	32422.7	6549.11	0.0	38967.2	38971.8	-4.59038	-0.143308	0.9998	0.9999	9.998e-05	0.99985
334369.0	-3.0	-1.0	2.0	3987.75	6130.33	0.0	10117.5	10118.1	-0.555858	-0.0668401	0.9997	0.9999	0.00019995	0.9998
334371.0	-2.0	-1.0	1.0	1558.38	418.809	0.0	1976.97	1977.19	-0.217225	-0.13367	0.9998	0.9999	9.998e-05	0.99985
334374.0	-2.0	-1.0	1.0	82495.9	18889.2	0.0	101374.0	101385.0	-11.6046	-0.13926	0.9998	0.9999	9.998e-05	0.99985
334380.0	-2.0	-1.0	1.0	3566.97	1101.99	0.0	4668.47	4668.96	-0.492888	-0.12844	0.9998	0.9999	9.998e-05	0.99985
334384.0	-2.0	-1.0	1.0	740.623	408.525	0.0	1149.05	1149.15	-0.098311	-0.104087	0.9998	0.9999	9.998e-05	0.99985
334386.0	-2.0	-1.0	1.0	8.75427	3.24136	0.0	11.9944	11.9956	-0.001197	-0.121407	0.9998	0.9999	9.998e-05	0.99985
334391.0	-2.0	-1.0	1.0	17446.2	6459.62	0.0	23903.4	23905.8	-2.38091	-0.121174	0.9998	0.9999	9.998e-05	0.99985
334402.0	-2.0	-1.0	1.0	6755.62	2446.15	0.0	9200.85	9201.77	-0.92343	-0.122097	0.9998	0.9999	9.998e-05	0.99985
334414.0	-2.0	-1.0	1.0	4245.01	3354.87	0.0	7599.34	7599.88	-0.543415	-0.0869954	0.9998	0.9999	9.998e-05	0.99985
334417.0	-2.0	-1.0	1.0	64516.4	49285.0	0.0	113793.0	113801.0	-8.27936	-0.0885158	0.9998	0.9999	9.998e-05	0.99985
334425.0	-2.0	-1.0	1.0	90643.5	71503.2	0.0	162135.0	162147.0	-11.5967	-0.0870159	0.9998	0.9999	9.998e-05	0.99985
334435.0	-2.0	-1.0	1.0	4017.42	3221.32	0.0	7238.23	7238.74	-0.513158	-0.0862501	0.9998	0.9999	9.998e-05	0.99985
334473.0	-2.0	0.0	2.0	779.607	223.575	0.0	1003.12	1003.18	-0.06058	-0.0734719	0.9998	1.0	0.00019997	0.9999
334499.0	-2.0	-1.0	1.0	25585.4	22414.6	0.0	47996.8	48000.0	-3.24001	-0.0821253	0.9998	0.9999	9.998e-05	0.99985
334521.0	-2.0	0.0	2.0	14002.1	4506.41	0.0	18507.5	18508.5	-1.05916	-0.0696248	0.9998	1.0	0.00019997	0.9999
334532.0	-3.0	2.0	5.0	3619.71	1532.18	3737.04	1414.87	5151.89	0.018415	0.00434887	0.9997	1.0002	0.00049995	0.99995
334536.0	-2.0	-1.0	1.0	535.467	503.241	0.0	1038.64	1038.71	-0.067346	-0.0788842	0.9998	0.9999	9.998e-05	0.99985
334574.0	-2.0	-1.0	1.0	21512.2	18761.4	25242.1	15032.1	40273.6	0.589397	0.0178057	0.9998	0.9999	9.998e-05	0.99985
334596.0	-3.0	-1.0	2.0	3929.81	10497.1	0.0	14426.4	14426.9	-0.499958	-0.042163	0.9997	0.9999	0.00019995	0.9998
334685.0	-4.0	2.0	6.0	9090.76	6241.88	0.0	15332.8	15332.6	0.201248	0.0159693	0.9996	1.0002	0.00059991	0.9999
334698.0	-2.0	-1.0	1.0	38323.0	28220.7	0.0	66538.8	66543.7	-4.93519	-0.0902336	0.9998	0.9999	9.998e-05	0.99985
334735.0	-3.0	-1.0	2.0	1633.8	3923.69	0.0	5557.28	5557.49	-0.211382	-0.0462765	0.9997	0.9999	0.00019995	0.9998
334746.0	-4.0	3.0	7.0	23592.2	12399.3	0.0	35993.2	35991.6	1.66524	0.0562923	0.9996	1.0003	0.00069993	0.99995
334787.0	-2.0	-1.0	1.0	130930.0	72988.1	0.0	203900.0	203918.0	-17.294	-0.103184	0.9998	0.9999	9.998e-05	0.99985
334850.0	-3.0	-1.0	2.0	735.42	1492.31	0.0	2227.64	2227.73	-0.097809	-0.0534179	0.9997	0.9999	0.00019995	0.9998
334856.0	-2.0	0.0	2.0	419.941	86.3035	0.0	506.209	506.244	-0.034832	-0.0837124	0.9998	1.0	0.00019997	0.9999
334979.0	-3.0	-1.0	2.0	201.496	473.8	0.0	0.0	675.296	-675.296	-1216.67	0.9997	0.9999	0.00019995	0.9998
334984.0	-2.0	-1.0	1.0	11000.4	7434.23	11315.3	7119.32	18434.6	0.050551	0.00333632	0.9998	0.9999	9.998e-05	0.99985
335026.0	-2.0	-1.0	1.0	28280.5	17838.0	0.0	46114.8	46118.5	-3.69467	-0.0974703	0.9998	0.9999	9.998e-05	0.99985
335050.0	-3.0	-1.0	2.0	19015.9	39847.1	16458.8	42403.8	58863.0	-0.409752	-0.00846935	0.9997	0.9999	0.00019995	0.9998
335057.0	-3.0	2.0	5.0	1510.4	560.886	0.0	2071.31	2071.29	0.026736	0.0157046	0.9997	1.0002	0.00049995	0.99995
335117.0	-3.0	0.0	3.0	65619.6	51890.0	58921.6	58586.9	117510.0	-1.0646	-0.0110226	0.9997	1.0	0.00029994	0.99985
335187.0	-6.0	4.0	10.0	104.977	79.9865	104.976	79.9873	184.963	-2e-06	-1.31558e-05	0.9994	1.0004	0.00099985	0.9999
335206.0	-6.0	4.0	10.0	76.1082	57.989	76.1069	57.9903	134.097	-1e-06	-9.07302e-06	0.9994	1.0004	0.00099985	0.9999
335224.0	-6.0	4.0	10.0	10.1017	7.69679	10.1015	7.69695	17.7985	-2e-06	-0.000136716	0.9994	1.0004	0.00099985	0.9999
335589.0	-2.0	-1.0	1.0	2624.0	1275.31	0.0	3898.96	3899.31	-0.350646	-0.109409	0.9998	0.9999	9.998e-05	0.99985
335725.0	-3.0	2.0	5.0	840.0	294.13	0.0	1134.14	1134.13	0.012465	0.0133721	0.9997	1.0002	0.00049995	0.99995
335745.0	-2.0	-1.0	1.0	481.192	202.981	0.0	684.107	684.172	-0.065034	-0.11565	0.9998	0.9999	9.998e-05	0.99985
335959.0	-2.0	-1.0	1.0	159067.0	101165.0	0.0	260211.0	260232.0	-20.7673	-0.0970937	0.9998	0.9999	9.998e-05	0.99985
335990.0	-2.0	1.0	3.0	789.235	114.919	0.0	0.0	904.154	-904.154	-1216.67	0.9998	1.0001	0.00029997	0.99995
336000.0	-2.0	0.0	2.0	406.414	103.717	8.16448	501.935	510.131	-0.031721	-0.0756548	0.9998	1.0	0.00019997	0.9999
336020.0	-3.0	1.0	4.0	173.655	94.1752	174.352	93.4788	267.831	0.000108	0.000490609	0.9997	1.0001	0.00039994	0.9999
336169.0	-2.0	-1.0	1.0	1953.11	1343.2	1959.37	1336.94	3296.3	0.000995	0.000367255	0.9998	0.9999	9.998e-05	0.99985
336189.0	-2.0	-1.0	1.0	4764.85	3263.65	0.0	0.0	8028.51	-8028.51	-1216.67	0.9998	0.9999	9.998e-05	0.99985
336244.0	-2.0	-1.0	1.0	397.464	271.202	397.779	270.887	668.666	4.9e-05	8.91576e-05	0.9998	0.9999	9.998e-05	0.99985
336344.0	-3.0	2.0	5.0	3636.17	1418.76	0.0	5055.01	5054.93	0.073347	0.0176538	0.9997	1.0002	0.00049995	0.99995
336348.0	-2.0	0.0	2.0	2807.77	709.44	0.0	3516.99	3517.21	-0.224118	-0.0775264	0.9998	1.0	0.00019997	0.9999
336365.0	-2.0	0.0	2.0	24539.3	6127.02	0.0	30664.4	30666.4	-1.96342	-0.0778974	0.9998	1.0	0.00019997	0.9999
336395.0	-2.0	0.0	2.0	1800.28	450.721	0.0	2250.86	2251.01	-0.143966	-0.0778135	0.9998	1.0	0.00019997	0.9999
336462.0	-2.0	-1.0	1.0	34301.6	21898.7	0.0	56195.9	56200.3	-4.47638	-0.096908	0.9998	0.9999	9.998e-05	0.99985
336476.0	-3.0	2.0	5.0	285.889	110.034	0.0	0.0	395.923	-395.923	-1216.67	0.9997	1.0002	0.00049995	0.99995
336497.0	-2.0	0.0	2.0	2400.66	583.483	0.0	2983.95	2984.15	-0.193105	-0.0787309	0.9998	1.0	0.00019997	0.9999
336537.0	-2.0	-1.0	1.0	21412.3	13520.9	0.0	34930.4	34933.2	-2.7971	-0.0974186	0.9998	0.9999	9.998e-05	0.99985
336771.0	-2.0	-1.0	1.0	6425.58	4014.97	0.0	10439.7	10440.6	-0.84018	-0.0979085	0.9998	0.9999	9.998e-05	0.99985
338158.0	-3.0	-1.0	2.0	9.88041	21.2476	0.0	0.0	31.128	-31.128	-1216.67	0.9997	0.9999	0.00019995	0.9998
338207.0	-2.0	-1.0	1.0	20277.1	11690.8	0.0	31965.3	31968.0	-2.67045	-0.101635	0.9998	0.9999	9.998e-05	0.99985
338475.0	-2.0	0.0	2.0	21155.7	4708.7	0.0	25862.6	25864.4	-1.73022	-0.0813901	0.9998	1.0	0.00019997	0.9999
339113.0	-2.0	-1.0	1.0	6654.47	4428.9	6716.65	4366.73	11083.4	0.009966	0.00109401	0.9998	0.9999	9.998e-05	0.99985
339745.0	-2.0	-1.0	1.0	2964.71	1999.68	0.0	0.0	4964.39	-4964.39	-1216.67	0.9998	0.9999	9.998e-05	0.99985
339859.0	-2.0	-1.0	1.0	1031.02	695.973	0.0	0.0	1727.0	-1727.0	-1216.67	0.9998	0.9999	9.998e-05	0.99985
340029.0	-2.0	2.0	4.0	5380.73	602.419	0.0	0.0	5983.15	-5983.15	-1216.67	0.9998	1.0002	0.00039998	1.0
340454.0	-2.0	-1.0	1.0	58921.6	57940.5	0.0	116855.0	116862.0	-7.37663	-0.0767991	0.9998	0.9999	9.998e-05	0.99985
340801.0	-3.0	0.0	3.0	410.975	411.685	0.0	822.63	822.661	-0.030793	-0.045541	0.9997	1.0	0.00029994	0.99985
340913.0	-2.0	0.0	2.0	937.896	312.991	37.4809	1213.34	1250.89	-0.067509	-0.0656621	0.9998	1.0	0.00019997	0.9999
341096.0	-2.0	-1.0	1.0	1113.33	930.307	0.0	2043.49	2043.63	-0.141641	-0.0843253	0.9998	0.9999	9.998e-05	0.99985
341110.0	-2.0	0.0	2.0	773.816	227.946	0.0	1001.7	1001.76	-0.059768	-0.0725898	0.9998	1.0	0.00019997	0.9999
341112.0	-2.0	-1.0	1.0	1108.13	925.503	0.0	2033.49	2033.63	-0.140987	-0.0843486	0.9998	0.9999	9.998e-05	0.99985
341159.0	-2.0	-1.0	1.0	4469.63	3702.99	0.0	8172.06	8172.63	-0.569113	-0.0847244	0.9998	0.9999	9.998e-05	0.99985
341234.0	-2.0	-1.0	1.0	352.732	292.15	0.0	644.837	644.882	-0.044915	-0.0847389	0.9998	0.9999	9.998e-05	0.99985
341301.0	-3.0	2.0	5.0	63.2081	25.8913	0.0	89.1009	89.0994	0.001431	0.0195405	0.9997	1.0002	0.00049995	0.99995
341349.0	-3.0	2.0	5.0	179.898	73.687	0.0	253.589	253.585	0.004074	0.0195465	0.9997	1.0002	0.00049995	0.99995
341572.0	-3.0	2.0	5.0	71233.6	28834.4	0.0	100070.0	100068.0	1.57009	0.0190898	0.9997	1.0002	0.00049995	0.99995
341670.0	-2.0	-1.0	1.0	33420.7	24849.2	0.0	58265.6	58269.9	-4.29994	-0.0897821	0.9998	0.9999	9.998e-05	0.99985
342505.0	-1.0	0.0	1.0	5412.47	6368.28	0.0	11780.6	11780.7	-0.124323	-0.0128396	0.9999	1.0	9.999e-05	0.99995
342507.0	-1.0	0.0	1.0	17908.8	21069.1	0.0	38977.4	38977.8	-0.411383	-0.012841	0.9999	1.0	9.999e-05	0.99995
342509.0	-1.0	0.0	1.0	5973.37	7507.61	0.0	13480.9	13481.0	-0.132328	-0.0119427	0.9999	1.0	9.999e-05	0.99995
342510.0	-2.0	0.0	2.0	2241.37	7875.19	0.0	10116.5	10116.6	-0.049653	-0.00597151	0.9998	1.0	0.00019997	0.9999
342512.0	-2.0	0.0	2.0	491.66	1733.94	0.0	2225.59	2225.6	-0.010861	-0.00593738	0.9998	1.0	0.00019997	0.9999
342520.0	-1.0	0.0	1.0	42104.1	90608.7	0.0	132712.0	132713.0	-0.667835	-0.00612249	0.9999	1.0	9.999e-05	0.99995
342538.0	-1.0	0.0	1.0	1045.83	2297.02	0.0	3342.83	3342.85	-0.016359	-0.00595404	0.9999	1.0	9.999e-05	0.99995
342543.0	-1.0	0.0	1.0	1208.12	2685.08	0.0	3893.19	3893.21	-0.01886	-0.00589394	0.9999	1.0	9.999e-05	0.99995
342545.0	-1.0	0.0	1.0	13771.4	34228.6	0.0	47999.8	48000.0	-0.197538	-0.00500704	0.9999	1.0	9.999e-05	0.99995
342548.0	0.0	1.0	1.0	3133.36	1647.96	0.0	4781.54	4781.33	0.210661	0.0536052	1.0	1.0001	0.0001	1.00005
342549.0	0.0	1.0	1.0	6968.12	6512.4	0.0	13481.0	13480.5	0.516708	0.0466348	1.0	1.0001	0.0001	1.00005
342551.0	0.0	1.0	1.0	8978.16	29994.5	0.0	38973.5	38972.7	0.79439	0.0247996	1.0	1.0001	0.0001	1.00005
342552.0	-1.0	1.0	2.0	1157.29	8950.25	0.0	10107.6	10107.5	0.102477	0.0123354	0.9999	1.0001	0.00019999	1.0
342555.0	-1.0	1.0	2.0	254.797	1970.55	0.0	2225.37	2225.34	0.022561	0.0123348	0.9999	1.0001	0.00019999	1.0
342561.0	0.0	1.0	1.0	1643.92	5596.42	0.0	7240.48	7240.34	0.145727	0.024488	1.0	1.0001	0.0001	1.00005
342565.0	0.0	1.0	1.0	36855.5	125467.0	0.0	162326.0	162323.0	3.26711	0.0244881	1.0	1.0001	0.0001	1.00005
342582.0	0.0	1.0	1.0	448.82	1527.92	0.0	1976.78	1976.74	0.039785	0.0244873	1.0	1.0001	0.0001	1.00005
342600.0	0.0	1.0	1.0	47719.3	212434.0	0.0	260158.0	260153.0	4.33423	0.02027	1.0	1.0001	0.0001	1.00005
342614.0	0.0	1.0	1.0	2.17074	9.82399	0.0	11.9949	11.9947	0.000197	0.0199824	1.0	1.0001	0.0001	1.00005
342674.0	0.0	2.0	2.0	705.843	491.785	0.0	1197.73	1197.63	0.099568	0.101151	1.0	1.0002	0.00020001	1.0001
342690.0	0.0	1.0	1.0	1853.55	8529.74	0.0	10383.5	10383.3	0.168809	0.0197803	1.0	1.0001	0.0001	1.00005
342737.0	1.0	2.0	1.0	12387.7	1091.91	0.0	13481.5	13479.6	1.90838	0.172249	1.0001	1.0002	0.00010001	1.00015
342738.0	1.0	2.0	1.0	452.845	456.565	0.0	909.489	909.41	0.079296	0.106087	1.0001	1.0002	0.00010001	1.00015
342754.0	1.0	2.0	1.0	19403.6	19563.0	0.0	38970.0	38966.6	3.39771	0.106088	1.0001	1.0002	0.00010001	1.00015
342757.0	0.0	2.0	2.0	2496.12	7590.07	0.0	10086.6	10086.2	0.43746	0.0527695	1.0	1.0002	0.00020001	1.0001
342758.0	1.0	2.0	1.0	56884.0	81974.1	0.0	138868.0	138858.0	10.212	0.0894766	1.0001	1.0002	0.00010001	1.00015
342759.0	0.0	2.0	2.0	455.596	1768.72	0.0	2224.39	2224.31	0.081789	0.0447374	1.0	1.0002	0.00020001	1.0001
342760.0	1.0	2.0	1.0	809.389	1166.39	0.0	1975.92	1975.78	0.145302	0.0894757	1.0001	1.0002	0.00010001	1.00015
342762.0	1.0	3.0	2.0	1279.88	536.044	0.0	1816.22	1815.92	0.29377	0.196825	1.0001	1.0003	0.00020003	1.0002
342786.0	1.0	2.0	1.0	4.91276	7.0798	0.0	11.9934	11.9926	0.000881	0.089379	1.0001	1.0002	0.00010001	1.00015
342816.0	1.0	2.0	1.0	14875.3	33124.7	0.0	48002.7	48000.0	2.74465	0.0695693	1.0001	1.0002	0.00010001	1.00015
342819.0	1.0	2.0	1.0	2243.72	4996.39	0.0	7240.52	7240.1	0.41399	0.0695691	1.0001	1.0002	0.00010001	1.00015
342840.0	1.0	2.0	1.0	39126.0	203127.0	0.0	242261.0	242253.0	7.50679	0.0377013	1.0001	1.0002	0.00010001	1.00015
342890.0	1.0	2.0	1.0	1141.33	4866.24	0.0	6007.79	6007.57	0.217431	0.0440346	1.0001	1.0002	0.00010001	1.00015
342913.0	1.0	2.0	1.0	10564.6	47695.5	0.0	58262.1	58260.1	2.01721	0.0421262	1.0001	1.0002	0.00010001	1.00015
342914.0	1.0	2.0	1.0	4291.39	19568.2	0.0	23860.4	23859.6	0.819717	0.0417996	1.0001	1.0002	0.00010001	1.00015
342918.0	3.0	4.0	1.0	583.718	12896.0	0.0	13479.9	13479.7	0.232257	0.0209634	1.0003	1.0004	0.00010003	1.00035
342919.0	3.0	4.0	1.0	551.996	8416.48	0.0	8968.7	8968.48	0.21913	0.0297272	1.0003	1.0004	0.00010003	1.00035
342922.0	3.0	4.0	1.0	2398.24	36566.9	0.0	38966.1	38965.2	0.952055	0.0297274	1.0003	1.0004	0.00010003	1.00035
342926.0	3.0	4.0	1.0	3624.14	55258.7	192.059	58692.1	58882.8	1.36501	0.0282046	1.0003	1.0004	0.00010003	1.00035
342927.0	2.0	4.0	2.0	310.344	9774.08	0.0	10084.5	10084.4	0.123199	0.0148637	1.0002	1.0004	0.00020005	1.0003
342931.0	3.0	4.0	1.0	2.64675	40.356	0.0	43.0038	43.0027	0.00105	0.0297074	1.0003	1.0004	0.00010003	1.00035
342933.0	2.0	4.0	2.0	68.4472	2155.7	0.0	2224.17	2224.14	0.027171	0.0148633	1.0002	1.0004	0.00020005	1.0003
342935.0	3.0	4.0	1.0	121.6	1854.08	0.0	1975.73	1975.68	0.048272	0.029727	1.0003	1.0004	0.00010003	1.00035
342938.0	3.0	4.0	1.0	9991.0	152337.0	0.0	162332.0	162328.0	3.96623	0.0297274	1.0003	1.0004	0.00010003	1.00035
342942.0	3.0	4.0	1.0	2817.75	4647.06	0.0	7465.88	7464.81	1.07095	0.174551	1.0003	1.0004	0.00010003	1.00035
342947.0	3.0	4.0	1.0	0.731286	11.1502	0.0	11.8818	11.8815	0.00029	0.0296961	1.0003	1.0004	0.00010003	1.00035
342950.0	3.0	4.0	1.0	1476.71	22400.5	0.0	23877.8	23877.2	0.586056	0.0298626	1.0003	1.0004	0.00010003	1.00035
342987.0	1.0	7.0	6.0	40.5934	38.9788	0.0	0.0	79.5722	-79.5722	-1216.67	1.0001	1.0007	0.00060021	1.0004
342988.0	3.0	5.0	2.0	768.272	616.059	0.0	1384.67	1384.33	0.341039	0.299734	1.0003	1.0005	0.00020007	1.0004
343031.0	3.0	4.0	1.0	249.902	2152.31	0.0	0.0	2402.21	-2402.21	-1216.67	1.0003	1.0004	0.00010003	1.00035
343044.0	3.0	4.0	1.0	199.922	1715.75	0.0	0.0	1915.67	-1915.67	-1216.67	1.0003	1.0004	0.00010003	1.00035
343068.0	2.0	5.0	3.0	11671.0	20577.4	0.0	0.0	32248.4	-32248.4	-1216.67	1.0002	1.0005	0.00030009	1.00035
343088.0	3.0	4.0	1.0	11310.5	164529.0	0.0	175844.0	175840.0	4.48848	0.0310566	1.0003	1.0004	0.00010003	1.00035
343109.0	3.0	4.0	1.0	295.097	4301.69	0.0	4596.9	4596.79	0.117108	0.0309959	1.0003	1.0004	0.00010003	1.00035
343135.0	-2.0	3.0	5.0	0.0	2989.53	0.0	0.0	2989.53	-2989.53	-1216.67	0.9998	1.0003	0.0005	1.00005
343217.0	3.0	4.0	1.0	33820.9	66580.7	0.0	100415.0	100402.0	12.96	0.15705	1.0003	1.0004	0.00010003	1.00035
343222.0	-3.0	7.0	10.0	712.43	1429.43	0.0	0.0	2141.86	-2141.86	-1216.67	0.9997	1.0007	0.00100015	1.0002
343323.0	3.0	4.0	1.0	6047.61	14505.4	0.0	20555.3	20553.0	2.32968	0.137909	1.0003	1.0004	0.00010003	1.00035
343326.0	3.0	4.0	1.0	2322.33	4907.37	0.0	7230.59	7229.7	0.891749	0.15007	1.0003	1.0004	0.00010003	1.00035
343426.0	3.0	4.0	1.0	368.419	780.013	0.0	1148.57	1148.43	0.141476	0.149882	1.0003	1.0004	0.00010003	1.00035
343513.0	3.0	4.0	1.0	336.665	708.637	0.0	1045.43	1045.3	0.129261	0.150452	1.0003	1.0004	0.00010003	1.00035
343639.0	2.0	7.0	5.0	217.926	100.581	0.0	0.0	318.507	-318.507	-1216.67	1.0002	1.0007	0.0005002	1.00045
343645.0	3.0	4.0	1.0	3000.0	4119.05	0.0	7120.19	7119.05	1.13693	0.194305	1.0003	1.0004	0.00010003	1.00035
343790.0	-5.0	5.0	10.0	10.4359	63.0	0.0	73.4404	73.4359	0.004476	0.0741572	0.9995	1.0005	0.00099995	1.0
343862.0	3.0	4.0	1.0	8125.95	11169.1	0.0	19298.2	19295.1	3.07967	0.194191	1.0003	1.0004	0.00010003	1.00035
343950.0	2.0	4.0	2.0	367.911	1393.16	0.0	1761.22	1761.08	0.139495	0.0963723	1.0002	1.0004	0.00020005	1.0003
344144.0	3.0	4.0	1.0	261.988	421.956	0.0	684.044	683.944	0.099789	0.177514	1.0003	1.0004	0.00010003	1.00035
344292.0	2.0	7.0	5.0	4098.51	1968.28	0.0	0.0	6066.8	-6066.8	-1216.67	1.0002	1.0007	0.0005002	1.00045
344606.0	2.0	5.0	3.0	583.879	1192.36	64.4187	1712.04	1776.24	0.221407	0.151657	1.0002	1.0005	0.00030009	1.00035
344614.0	3.0	5.0	2.0	4805.03	2238.87	0.0	0.0	7043.89	-7043.89	-1216.67	1.0003	1.0005	0.00020007	1.0004
344843.0	2.0	7.0	5.0	2005.93	988.486	0.0	0.0	2994.42	-2994.42	-1216.67	1.0002	1.0007	0.0005002	1.00045
345302.0	3.0	4.0	1.0	6159.17	12637.6	0.0	18799.1	18796.8	2.36307	0.152955	1.0003	1.0004	0.00010003	1.00035
345355.0	3.0	4.0	1.0	32.0486	36.0246	0.0	0.0	68.0732	-68.0732	-1216.67	1.0003	1.0004	0.00010003	1.00035
345452.0	3.0	4.0	1.0	108660.0	150934.0	0.0	259635.0	259593.0	41.195	0.193073	1.0003	1.0004	0.00010003	1.00035
345479.0	3.0	4.0	1.0	1019.65	1402.55	0.0	2422.59	2422.2	0.386447	0.194111	1.0003	1.0004	0.00010003	1.00035
345596.0	1.0	5.0	4.0	2898.95	5374.42	0.0	0.0	8273.37	-8273.37	-1216.67	1.0001	1.0005	0.0004001	1.0003
346166.0	3.0	4.0	1.0	36926.1	163900.0	0.0	200841.0	200826.0	14.433	0.0874393	1.0003	1.0004	0.00010003	1.00035
346192.0	2.0	7.0	5.0	792.135	452.11	0.0	0.0	1244.25	-1244.25	-1216.67	1.0002	1.0007	0.0005002	1.00045
346370.0	2.0	5.0	3.0	122.552	183.724	0.0	0.0	306.276	-306.276	-1216.67	1.0002	1.0005	0.00030009	1.00035
346555.0	3.0	4.0	1.0	6913.64	27507.3	0.0	34423.6	34420.9	2.69639	0.0953085	1.0003	1.0004	0.00010003	1.00035
346631.0	3.0	4.0	1.0	119.407	475.082	1.43879	593.097	594.49	0.045993	0.094128	1.0003	1.0004	0.00010003	1.00035
346810.0	4.0	5.0	1.0	9822.83	3654.71	13476.0	0.0	13477.5	-1.51103	-0.136407	1.0004	1.0005	0.00010004	1.00045
346815.0	4.0	5.0	1.0	35833.6	3123.65	38956.0	0.0	38957.3	-1.26166	-0.0394027	1.0004	1.0005	0.00010004	1.00045
346816.0	4.0	5.0	1.0	10829.7	944.035	11773.4	0.0	11773.7	-0.381302	-0.0394028	1.0004	1.0005	0.00010004	1.00045
346818.0	3.0	5.0	2.0	3937.53	6144.34	0.0	10083.7	10081.9	1.81527	0.219064	1.0003	1.0005	0.00020007	1.0004
346820.0	3.0	5.0	2.0	868.895	1356.53	1830.48	394.583	2225.43	-0.364321	-0.199179	1.0003	1.0005	0.00020007	1.0004
346824.0	4.0	5.0	1.0	1536.52	438.36	1974.7	0.0	1974.88	-0.180163	-0.110993	1.0004	1.0005	0.00010004	1.00045
346830.0	4.0	5.0	1.0	47902.9	114410.0	162263.0	0.0	162313.0	-49.9207	-0.374196	1.0004	1.0005	0.00010004	1.00045
346843.0	4.0	5.0	1.0	7530.66	16388.4	23912.0	0.0	23919.1	-7.11483	-0.361902	1.0004	1.0005	0.00010004	1.00045
346854.0	4.0	5.0	1.0	2241.47	5118.1	7357.34	0.0	7359.57	-2.22458	-0.367763	1.0004	1.0005	0.00010004	1.00045
346889.0	4.0	5.0	1.0	100.651	230.108	330.658	0.0	330.758	-0.10002	-0.367915	1.0004	1.0005	0.00010004	1.00045
346895.0	4.0	5.0	1.0	3.63907	8.31964	11.9551	0.0	11.9587	-0.003617	-0.36799	1.0004	1.0005	0.00010004	1.00045
346976.0	4.0	5.0	1.0	5383.89	52908.9	58269.2	0.0	58292.8	-23.5587	-0.49171	1.0004	1.0005	0.00010004	1.00045
347036.0	-3.0	5.0	8.0	9.22183	850.151	153.722	705.589	859.372	-0.061299	-0.0867848	0.9997	1.0005	0.00080004	1.0001
347078.0	4.0	5.0	1.0	2997.46	31923.6	34906.9	0.0	34921.1	-14.2247	-0.495594	1.0004	1.0005	0.00010004	1.00045
347085.0	4.0	5.0	1.0	8583.35	91414.5	99957.1	0.0	99997.9	-40.7329	-0.495594	1.0004	1.0005	0.00010004	1.00045
347173.0	4.0	5.0	1.0	896.245	9543.1	10074.5	360.804	10439.3	-4.09223	-0.476934	1.0004	1.0005	0.00010004	1.00045
347203.0	4.0	5.0	1.0	8.59327	91.5	0.0	0.0	100.093	-100.093	-1216.67	1.0004	1.0005	0.00010004	1.00045
347217.0	4.0	5.0	1.0	1545.91	17255.5	18793.7	0.0	18801.4	-7.69191	-0.497755	1.0004	1.0005	0.00010004	1.00045
347218.0	4.0	6.0	2.0	167.118	147.246	0.0	0.0	314.364	-314.364	-1216.67	1.0004	1.0006	0.00020009	1.0005
347233.0	-2.0	6.0	8.0	27.9041	179.369	27.1022	180.172	207.274	0.000392	0.00230098	0.9998	1.0006	0.00080012	1.0002
347473.0	3.0	8.0	5.0	10274.9	6582.81	15881.1	974.29	16857.7	-2.31032	-0.166742	1.0003	1.0008	0.00050025	1.00055
347661.0	3.0	8.0	5.0	1158.75	741.164	0.0	0.0	1899.92	-1899.92	-1216.67	1.0003	1.0008	0.00050025	1.00055
347687.0	3.0	8.0	5.0	652.799	417.544	0.0	0.0	1070.34	-1070.34	-1216.67	1.0003	1.0008	0.00050025	1.00055
348381.0	4.0	5.0	1.0	10474.6	193841.0	204229.0	0.0	204315.0	-86.708	-0.516332	1.0004	1.0005	0.00010004	1.00045
348451.0	4.0	5.0	1.0	1312.57	20723.3	22026.6	0.0	22035.9	-9.26121	-0.511339	1.0004	1.0005	0.00010004	1.00045
348605.0	4.0	5.0	1.0	344.826	6902.62	7244.35	0.0	7247.44	-3.0889	-0.518551	1.0004	1.0005	0.00010004	1.00045
348667.0	4.0	5.0	1.0	3386.61	61111.0	0.0	0.0	64497.6	-64497.6	-1216.67	1.0004	1.0005	0.00010004	1.00045
348713.0	-2.0	6.0	8.0	9.78702	60.3706	0.0	0.0	70.1577	-70.1577	-1216.67	0.9998	1.0006	0.00080012	1.0002
348725.0	-2.0	5.0	7.0	40.3848	2021.1	0.0	0.0	2061.48	-2061.48	-1216.67	0.9998	1.0005	0.00070007	1.00015
348726.0	4.0	5.0	1.0	12636.3	79519.6	92120.6	0.0	92155.9	-35.2288	-0.465101	1.0004	1.0005	0.00010004	1.00045
348743.0	0.0	8.0	8.0	39.0	61.0714	0.0	0.0	100.071	-100.071	-1216.67	1.0	1.0008	0.00080028	1.0004
348820.0	3.0	8.0	5.0	63.0	38.0259	0.0	0.0	101.026	-101.026	-1216.67	1.0003	1.0008	0.00050025	1.00055
348822.0	3.0	8.0	5.0	62.6782	37.8316	0.0	0.0	100.51	-100.51	-1216.67	1.0003	1.0008	0.00050025	1.00055
348834.0	4.0	5.0	1.0	2288.41	17014.1	19295.0	0.0	19302.6	-7.55341	-0.476102	1.0004	1.0005	0.00010004	1.00045
348989.0	4.0	5.0	1.0	964.557	7172.06	8133.43	0.0	8136.61	-3.18403	-0.476108	1.0004	1.0005	0.00010004	1.00045
349024.0	4.0	5.0	1.0	123.614	920.431	1043.64	0.0	1044.04	-0.408633	-0.476196	1.0004	1.0005	0.00010004	1.00045
349066.0	4.0	5.0	1.0	135.648	1011.61	1146.81	0.0	1147.26	-0.449121	-0.476293	1.0004	1.0005	0.00010004	1.00045
349485.0	2.0	5.0	3.0	12.062	296.659	0.0	0.0	308.721	-308.721	-1216.67	1.0002	1.0005	0.00030009	1.00035
349491.0	0.0	6.0	6.0	21.6509	91.9189	0.0	0.0	113.57	-113.57	-1216.67	1.0	1.0006	0.00060015	1.0003
349766.0	3.0	8.0	5.0	431.409	252.257	596.944	86.6521	683.666	-0.070181	-0.124896	1.0003	1.0008	0.00050025	1.00055
350108.0	0.0	10.0	10.0	854.512	826.152	0.0	0.0	1680.66	-1680.66	-1216.67	1.0	1.001	0.00100045	1.0005
350375.0	3.0	4.0	1.0	11476.1	2000.49	0.0	13480.7	13476.6	4.10233	0.370357	1.0003	1.0004	0.00010003	1.00035
350376.0	3.0	4.0	1.0	33185.1	5784.74	0.0	38981.7	38969.9	11.8626	0.370357	1.0003	1.0004	0.00010003	1.00035
350377.0	3.0	4.0	1.0	10028.1	1748.08	0.0	11779.8	11776.2	3.58472	0.370357	1.0003	1.0004	0.00010003	1.00035
350380.0	3.0	4.0	1.0	1681.48	292.245	0.0	1974.33	1973.73	0.601041	0.3705	1.0003	1.0004	0.00010003	1.00035
350387.0	3.0	4.0	1.0	143801.0	18467.6	0.0	162320.0	162268.0	51.1368	0.383417	1.0003	1.0004	0.00010003	1.00035
350491.0	3.0	4.0	1.0	10.7575	1.22811	0.0	11.9894	11.9856	0.00382	0.38777	1.0003	1.0004	0.00010003	1.00035
350626.0	3.0	4.0	1.0	8988.37	998.592	0.0	9990.15	9986.96	3.19126	0.388777	1.0003	1.0004	0.00010003	1.00035
350635.0	3.0	4.0	1.0	1879.24	202.006	1879.24	202.006	2081.25	-2e-06	-1.16917e-06	1.0003	1.0004	0.00010003	1.00035
350645.0	3.0	4.0	1.0	16965.7	1823.7	0.0	18795.4	18789.4	6.02106	0.389881	1.0003	1.0004	0.00010003	1.00035
350854.0	3.0	4.0	1.0	6863.81	380.66	0.0	7246.89	7244.47	2.42067	0.406537	1.0003	1.0004	0.00010003	1.00035
350892.0	3.0	4.0	1.0	7074.8	396.344	0.0	7473.64	7471.14	2.49525	0.406349	1.0003	1.0004	0.00010003	1.00035
350904.0	3.0	4.0	1.0	22722.0	1362.7	160.943	23931.7	24084.7	7.95677	0.401946	1.0003	1.0004	0.00010003	1.00035
350990.0	-1.0	7.0	8.0	809.717	831.729	0.0	0.0	1641.45	-1641.45	-1216.67	0.9999	1.0007	0.0008002	1.0003
351017.0	2.0	7.0	5.0	29.9264	9.27788	28.8614	10.3432	39.2043	0.000335	0.0103964	1.0002	1.0007	0.0005002	1.00045
351067.0	3.0	4.0	1.0	55235.3	3034.86	19594.6	38687.8	58270.2	12.2987	0.256794	1.0003	1.0004	0.00010003	1.00035
351257.0	3.0	4.0	1.0	67639.2	33715.8	0.0	101380.0	101355.0	24.8018	0.297721	1.0003	1.0004	0.00010003	1.00035
351644.0	3.0	4.0	1.0	12787.1	6363.9	0.0	19155.7	19151.0	4.68851	0.297862	1.0003	1.0004	0.00010003	1.00035
351723.0	3.0	4.0	1.0	66239.0	27869.7	0.0	94132.8	94108.7	24.1674	0.312444	1.0003	1.0004	0.00010003	1.00035
351726.0	-1.0	4.0	5.0	464.111	2833.15	0.0	0.0	3297.26	-3297.26	-1216.67	0.9999	1.0004	0.00050005	1.00015
351765.0	3.0	4.0	1.0	59317.1	24957.4	0.0	84296.1	84274.5	21.642	0.312444	1.0003	1.0004	0.00010003	1.00035
351792.0	3.0	4.0	1.0	49343.0	28497.0	0.0	77858.2	77840.0	18.1755	0.28409	1.0003	1.0004	0.00010003	1.00035
351801.0	3.0	4.0	1.0	11634.3	6534.78	0.0	18173.3	18169.0	4.28174	0.286721	1.0003	1.0004	0.00010003	1.00035
352050.0	3.0	4.0	1.0	5282.02	3065.62	0.0	8349.59	8347.64	1.94594	0.28362	1.0003	1.0004	0.00010003	1.00035
352082.0	-1.0	9.0	10.0	55768.7	44168.0	47323.6	52616.2	99936.6	3.24438	0.0394983	0.9999	1.0009	0.00100035	1.0004
352110.0	3.0	4.0	1.0	491.643	355.817	0.0	847.642	847.46	0.182418	0.261891	1.0003	1.0004	0.00010003	1.00035
352128.0	-1.0	9.0	10.0	25827.7	20634.0	26265.8	20195.8	46461.7	-0.148665	-0.00389301	0.9999	1.0009	0.00100035	1.0004
352485.0	3.0	4.0	1.0	14207.4	7514.66	0.0	21727.3	21722.0	5.21897	0.292318	1.0003	1.0004	0.00010003	1.00035
352692.0	3.0	5.0	2.0	3904.38	1196.11	0.0	0.0	5100.49	-5100.49	-1216.67	1.0003	1.0005	0.00020007	1.0004
352705.0	3.0	4.0	1.0	36212.1	23607.6	0.0	59833.0	59819.6	13.3904	0.272347	1.0003	1.0004	0.00010003	1.00035
353244.0	3.0	4.0	1.0	531.559	900.07	531.559	900.07	1431.63	-2e-06	-1.6997e-06	1.0003	1.0004	0.00010003	1.00035
353510.0	3.0	4.0	1.0	439.014	735.189	0.0	1174.37	1174.2	0.16742	0.173475	1.0003	1.0004	0.00010003	1.00035
353567.0	3.0	4.0	1.0	391.213	662.757	0.0	1054.12	1053.97	0.149243	0.172281	1.0003	1.0004	0.00010003	1.00035
353916.0	2.0	7.0	5.0	100.923	49.4489	0.0	0.0	150.372	-150.372	-1216.67	1.0002	1.0007	0.0005002	1.00045
353989.0	3.0	4.0	1.0	88.9079	157.036	0.0	0.0	245.944	-245.944	-1216.67	1.0003	1.0004	0.00010003	1.00035
354020.0	3.0	5.0	2.0	640.684	300.496	0.0	0.0	941.181	-941.181	-1216.67	1.0003	1.0005	0.00020007	1.0004
354374.0	3.0	4.0	1.0	92844.6	110039.0	0.0	202919.0	202884.0	35.0179	0.209997	1.0003	1.0004	0.00010003	1.00035
354707.0	3.0	4.0	1.0	370.331	488.691	0.0	859.162	859.022	0.140167	0.198524	1.0003	1.0004	0.00010003	1.00035
355334.0	3.0	4.0	1.0	3469.02	4703.49	0.0	8173.82	8172.51	1.31415	0.195641	1.0003	1.0004	0.00010003	1.00035
356010.0	2.0	4.0	2.0	11611.1	45169.8	0.0	0.0	56780.9	-56780.9	-1216.67	1.0002	1.0004	0.00020005	1.0003
356635.0	3.0	4.0	1.0	13577.4	20007.3	0.0	0.0	33584.7	-33584.7	-1216.67	1.0003	1.0004	0.00010003	1.00035
356648.0	2.0	4.0	2.0	2893.8	11508.5	0.0	0.0	14402.3	-14402.3	-1216.67	1.0002	1.0004	0.00020005	1.0003
356654.0	3.0	5.0	2.0	35.0909	14.9746	0.0	0.0	50.0654	-50.0654	-1216.67	1.0003	1.0005	0.00020007	1.0004
357102.0	3.0	4.0	1.0	1291.61	1980.96	0.0	0.0	3272.56	-3272.56	-1216.67	1.0003	1.0004	0.00010003	1.00035
357229.0	5.0	6.0	1.0	4789.91	8688.16	0.0	13480.9	13478.1	2.78947	0.251806	1.0005	1.0006	0.00010005	1.00055
357230.0	5.0	6.0	1.0	4188.59	5906.32	0.0	10097.3	10094.9	2.42681	0.292486	1.0005	1.0006	0.00010005	1.00055
357231.0	5.0	6.0	1.0	16176.2	22793.2	0.0	38978.8	38969.4	9.37211	0.292607	1.0005	1.0006	0.00010005	1.00055
357233.0	4.0	6.0	2.0	2092.21	7989.26	0.0	10082.7	10081.5	1.21218	0.14629	1.0004	1.0006	0.00020009	1.0005
357234.0	5.0	6.0	1.0	819.155	1154.24	0.0	1973.87	1973.39	0.474598	0.292606	1.0005	1.0006	0.00010005	1.00055
357262.0	5.0	6.0	1.0	199.83	675.002	87.6173	787.279	874.832	0.064924	0.0902926	1.0005	1.0006	0.00010005	1.00055
357267.0	5.0	6.0	1.0	19988.7	39731.7	0.0	59732.1	59720.4	11.6614	0.237574	1.0005	1.0006	0.00010005	1.00055
357381.0	5.0	6.0	1.0	3890.06	24586.3	0.0	28478.7	28476.4	2.30802	0.0986112	1.0005	1.0006	0.00010005	1.00055
357405.0	5.0	6.0	1.0	2855.65	21004.8	23849.0	0.0	23860.4	-11.4232	-0.58248	1.0005	1.0006	0.00010005	1.00055
357424.0	5.0	6.0	1.0	873.676	6570.02	7440.12	0.0	7443.69	-3.57378	-0.584132	1.0005	1.0006	0.00010005	1.00055
357502.0	5.0	6.0	1.0	9319.38	83738.6	0.0	93063.6	93058.0	5.54631	0.072514	1.0005	1.0006	0.00010005	1.00055
357506.0	5.0	6.0	1.0	15612.3	186919.0	202429.0	0.0	202531.0	-102.052	-0.613055	1.0005	1.0006	0.00010005	1.00055
357518.0	5.0	6.0	1.0	6223.2	93775.3	0.0	100002.0	99998.4	3.71546	0.0452055	1.0005	1.0006	0.00010005	1.00055
357918.0	6.0	7.0	1.0	9180.83	4294.36	13472.6	0.0	13475.2	-2.64407	-0.238731	1.0006	1.0007	0.00010006	1.00065
357922.0	6.0	7.0	1.0	34387.0	4566.63	38950.9	0.0	38953.7	-2.76576	-0.0863848	1.0006	1.0007	0.00010006	1.00065
357923.0	6.0	7.0	1.0	1408.01	186.985	1594.88	0.0	1595.0	-0.113247	-0.0863851	1.0006	1.0007	0.00010006	1.00065
357928.0	5.0	7.0	2.0	4447.46	5631.38	10075.7	0.0	10078.8	-3.12922	-0.377744	1.0005	1.0007	0.00020011	1.0006
357952.0	6.0	7.0	1.0	1741.33	231.25	1972.44	0.0	1972.58	-0.140056	-0.086385	1.0006	1.0007	0.00010006	1.00065
357961.0	6.0	7.0	1.0	14246.2	4540.3	18783.7	0.0	18786.5	-2.77803	-0.179913	1.0006	1.0007	0.00010006	1.00065
358050.0	6.0	7.0	1.0	78307.8	21558.8	99853.5	0.0	99866.7	-13.1765	-0.160528	1.0006	1.0007	0.00010006	1.00065
358091.0	6.0	7.0	1.0	6921.79	3097.14	10017.0	0.0	10018.9	-1.90586	-0.231442	1.0006	1.0007	0.00010006	1.00065
358097.0	6.0	7.0	1.0	24465.7	10590.2	35049.4	0.0	35055.9	-6.51168	-0.225997	1.0006	1.0007	0.00010006	1.00065
358121.0	6.0	7.0	1.0	27870.0	19025.0	46883.1	0.0	46894.9	-11.7965	-0.306055	1.0006	1.0007	0.00010006	1.00065
358124.0	6.0	7.0	1.0	54295.0	37063.6	91335.5	0.0	91358.5	-22.9814	-0.306055	1.0006	1.0007	0.00010006	1.00065
358133.0	6.0	7.0	1.0	12685.2	9341.05	22020.5	0.0	22026.3	-5.80054	-0.320404	1.0006	1.0007	0.00010006	1.00065
358137.0	6.0	7.0	1.0	17648.8	12995.9	30636.7	0.0	30644.7	-8.07012	-0.320402	1.0006	1.0007	0.00010006	1.00065
358335.0	6.0	7.0	1.0	10340.4	18051.5	28380.5	0.0	28391.9	-11.4005	-0.488541	1.0006	1.0007	0.00010006	1.00065
358473.0	2.0	12.0	10.0	120.0	102.288	0.0	0.0	222.288	-222.288	-1216.67	1.0002	1.0012	0.00100065	1.0007
358588.0	5.0	7.0	2.0	285.393	480.475	273.36	492.516	765.869	0.007546	0.0119877	1.0005	1.0007	0.00020011	1.0006
358589.0	6.0	7.0	1.0	5274.04	1895.91	7168.79	0.0	7169.95	-1.16219	-0.197211	1.0006	1.0007	0.00010006	1.00065
358729.0	5.0	7.0	2.0	4428.64	7504.68	11929.1	0.0	11933.3	-4.22279	-0.430537	1.0005	1.0007	0.00020011	1.0006
358814.0	6.0	7.0	1.0	394.946	158.263	553.112	0.0	553.209	-0.097188	-0.213745	1.0006	1.0007	0.00010006	1.00065
358907.0	6.0	7.0	1.0	666.196	266.971	933.003	0.0	933.167	-0.163943	-0.213749	1.0006	1.0007	0.00010006	1.00065
359059.0	4.0	8.0	4.0	251.773	362.626	549.117	65.1217	614.399	-0.160366	-0.317565	1.0004	1.0008	0.00040022	1.0006
359175.0	6.0	8.0	2.0	1139.87	246.075	1385.12	0.66824	1385.94	-0.151558	-0.133047	1.0006	1.0008	0.00020013	1.0007
359225.0	6.0	7.0	1.0	4.99991	0.054852	0.0	0.0	5.05476	-5.05476	-1216.67	1.0006	1.0007	0.00010006	1.00065
359256.0	5.0	10.0	5.0	9.30879	2.36042	0.0	0.0	11.6692	-11.6692	-1216.67	1.0005	1.001	0.00050035	1.00075
359270.0	-1.0	9.0	10.0	3123.03	7314.56	4780.64	5656.08	10437.6	-0.86423	-0.10074	0.9999	1.0009	0.00100035	1.0004
359392.0	5.0	6.0	1.0	171.477	5811.57	5979.86	0.0	5983.05	-3.187	-0.648084	1.0005	1.0006	0.00010005	1.00055
359394.0	5.0	6.0	1.0	1116.88	37852.4	38948.5	0.0	38969.3	-20.7578	-0.648083	1.0005	1.0006	0.00010005	1.00055
359397.0	5.0	6.0	1.0	1632.25	11846.7	13472.5	0.0	13479.0	-6.44186	-0.581468	1.0005	1.0006	0.00010005	1.00055
359404.0	5.0	6.0	1.0	238.954	1734.31	1972.32	0.0	1973.26	-0.943061	-0.581469	1.0005	1.0006	0.00010005	1.00055
359426.0	2.0	7.0	5.0	113.398	310.234	0.0	0.0	423.632	-423.632	-1216.67	1.0002	1.0007	0.0005002	1.00045
359433.0	5.0	6.0	1.0	42851.8	58107.4	100928.0	0.0	100959.0	-30.7634	-0.370732	1.0005	1.0006	0.00010005	1.00055
359436.0	5.0	6.0	1.0	46804.6	134754.0	181486.0	0.0	181559.0	-72.589	-0.486436	1.0005	1.0006	0.00010005	1.00055
359452.0	5.0	7.0	2.0	648.18	188.152	836.233	0.0	836.331	-0.098277	-0.14297	1.0005	1.0007	0.00020011	1.0006
359476.0	4.0	6.0	2.0	152.203	400.545	0.0	0.0	552.748	-552.748	-1216.67	1.0004	1.0006	0.00020009	1.0005
359490.0	5.0	6.0	1.0	39768.3	31195.7	70947.7	0.0	70964.0	-16.2782	-0.279088	1.0005	1.0006	0.00010005	1.00055
359494.0	5.0	6.0	1.0	6000.0	4706.61	10704.2	0.0	10706.6	-2.45596	-0.279088	1.0005	1.0006	0.00010005	1.00055
359577.0	5.0	7.0	2.0	401773.0	79324.8	406491.0	74605.1	481098.0	-2.51	-0.00634762	1.0005	1.0007	0.00020011	1.0006
359716.0	5.0	6.0	1.0	1300.0	571.302	1871.01	0.0	1871.3	-0.294279	-0.191332	1.0005	1.0006	0.00010005	1.00055
359726.0	5.0	6.0	1.0	23779.7	10450.3	34224.6	0.0	34229.9	-5.38295	-0.191331	1.0005	1.0006	0.00010005	1.00055
359732.0	5.0	6.0	1.0	6921.0	3095.81	10015.2	0.0	10016.8	-1.59524	-0.193761	1.0005	1.0006	0.00010005	1.00055
359739.0	5.0	6.0	1.0	9171.13	4120.05	13289.1	0.0	13291.2	-2.12321	-0.194357	1.0005	1.0006	0.00010005	1.00055
359753.0	1.0	3.0	2.0	0.0	31994.9	0.0	31994.9	31994.9	-1e-06	-3.80269e-08	1.0001	1.0003	0.00020003	1.0002
359825.0	5.0	6.0	1.0	374054.0	124344.0	498334.0	0.0	498398.0	-63.7039	-0.155511	1.0005	1.0006	0.00010005	1.00055
359851.0	5.0	7.0	2.0	292.847	45.7375	338.561	0.0	338.584	-0.02348	-0.0843728	1.0005	1.0007	0.00020011	1.0006
359865.0	5.0	6.0	1.0	5276.46	1972.88	7248.33	0.0	7249.34	-1.01296	-0.170007	1.0005	1.0006	0.00010005	1.00055
359911.0	5.0	6.0	1.0	5880.9	2251.59	8131.33	0.0	8132.48	-1.1566	-0.173033	1.0005	1.0006	0.00010005	1.00055
359920.0	5.0	6.0	1.0	15.8259	8.14814	15.8209	8.15307	23.974	-2e-06	-0.000101499	1.0005	1.0006	0.00010005	1.00055
359988.0	5.0	6.0	1.0	761.696	292.652	1054.2	0.0	1054.35	-0.150341	-0.173486	1.0005	1.0006	0.00010005	1.00055
360022.0	5.0	6.0	1.0	846.03	326.149	1172.01	0.0	1172.18	-0.167559	-0.173918	1.0005	1.0006	0.00010005	1.00055
360084.0	8.0	9.0	1.0	4.33249	0.0	4.33249	0.0	4.33249	-1e-06	-0.000280824	1.0008	1.0009	0.00010008	1.00085
360459.0	7.0	9.0	2.0	3.57811	0.0	3.57811	0.0	3.57811	-1e-06	-0.000340031	1.0007	1.0009	0.00020015	1.0008
360646.0	4.0	6.0	2.0	339.988	583.397	923.114	0.0	923.384	-0.270137	-0.355937	1.0004	1.0006	0.00020009	1.0005
360743.0	5.0	6.0	1.0	661.702	237.515	899.095	0.0	899.216	-0.121857	-0.164876	1.0005	1.0006	0.00010005	1.00055
360784.0	5.0	6.0	1.0	5124.67	1840.06	6963.78	0.0	6964.73	-0.944037	-0.164914	1.0005	1.0006	0.00010005	1.00055
360930.0	4.0	5.0	1.0	321.797	5468.92	5788.27	0.0	5790.72	-2.44514	-0.51374	1.0004	1.0005	0.00010004	1.00045
360933.0	4.0	5.0	1.0	1948.41	11530.0	13473.3	0.0	13478.4	-5.10372	-0.460704	1.0004	1.0005	0.00010004	1.00045
360934.0	4.0	5.0	1.0	5632.07	33328.5	38945.8	0.0	38960.6	-14.7528	-0.460704	1.0004	1.0005	0.00010004	1.00045
360937.0	3.0	5.0	2.0	728.495	9350.53	10075.4	0.0	10079.0	-3.6717	-0.443221	1.0003	1.0005	0.00020007	1.0004
360939.0	4.0	5.0	1.0	337.938	1634.84	1972.06	0.0	1972.78	-0.721477	-0.444954	1.0004	1.0005	0.00010004	1.00045
360945.0	4.0	5.0	1.0	108715.0	72918.2	181603.0	0.0	181634.0	-30.652	-0.205322	1.0004	1.0005	0.00010004	1.00045
360991.0	4.0	5.0	1.0	8.7562	3.22276	10.1194	1.85902	11.979	-0.000575	-0.058401	1.0004	1.0005	0.00010004	1.00045
361017.0	4.0	5.0	1.0	59937.8	11007.1	59934.4	11010.5	70944.9	0.001417	2.43008e-05	1.0004	1.0005	0.00010004	1.00045
361021.0	4.0	5.0	1.0	155249.0	28510.3	183748.0	0.0	183760.0	-11.6223	-0.0769507	1.0004	1.0005	0.00010004	1.00045
361022.0	4.0	5.0	1.0	1006.46	184.829	1081.36	109.899	1191.29	-0.030892	-0.0315501	1.0004	1.0005	0.00010004	1.00045
361053.0	3.0	5.0	2.0	32359.0	38585.4	32193.9	38750.6	70944.5	0.06753	0.00115811	1.0003	1.0005	0.00020007	1.0004
361055.0	3.0	4.0	1.0	0.0	1.86951	0.0	1.86951	1.86951	-1e-06	-0.000650795	1.0003	1.0004	0.00010003	1.00035
361081.0	4.0	5.0	1.0	10.8753	1.10527	11.9801	0.0	11.9806	-0.000448	-0.0454959	1.0004	1.0005	0.00010004	1.00045
361140.0	4.0	5.0	1.0	15903.3	3391.87	19293.8	0.0	19295.2	-1.3862	-0.0874073	1.0004	1.0005	0.00010004	1.00045
361197.0	4.0	5.0	1.0	6161.63	1314.47	6928.3	547.488	7476.1	-0.313128	-0.0509587	1.0004	1.0005	0.00010004	1.00045
361210.0	4.0	5.0	1.0	19657.2	4172.71	23828.2	0.0	23830.0	-1.70517	-0.0870594	1.0004	1.0005	0.00010004	1.00045
361262.0	4.0	5.0	1.0	6742.24	1415.16	8156.82	0.0	8157.4	-0.578222	-0.0862411	1.0004	1.0005	0.00010004	1.00045
361296.0	4.0	5.0	1.0	8297.19	1679.95	0.0	0.0	9977.14	-9977.14	-1216.67	1.0004	1.0005	0.00010004	1.00045
361427.0	4.0	5.0	1.0	22075.8	6387.24	28460.4	0.0	28463.1	-2.62587	-0.112244	1.0004	1.0005	0.00010004	1.00045
361428.0	3.0	8.0	5.0	696.527	225.971	0.0	0.0	922.498	-922.498	-1216.67	1.0003	1.0008	0.00050025	1.00055
361431.0	3.0	5.0	2.0	61.3882	96.9357	0.0	0.0	158.324	-158.324	-1216.67	1.0003	1.0005	0.00020007	1.0004
361451.0	4.0	5.0	1.0	5644.29	1603.55	7247.18	0.0	7247.84	-0.658988	-0.110622	1.0004	1.0005	0.00010004	1.00045
361462.0	4.0	5.0	1.0	75071.2	17356.0	92420.0	0.0	92427.1	-7.10347	-0.0935067	1.0004	1.0005	0.00010004	1.00045
361622.0	4.0	5.0	1.0	131509.0	30574.9	162071.0	0.0	162084.0	-12.5151	-0.0939433	1.0004	1.0005	0.00010004	1.00045
361663.0	4.0	6.0	2.0	1670.0	173.703	1843.63	0.0	1843.7	-0.0711	-0.0469192	1.0004	1.0006	0.00020009	1.0005
362180.0	0.0	10.0	10.0	626.913	507.985	0.0	0.0	1134.9	-1134.9	-1216.67	1.0	1.001	0.00100045	1.0005
362311.0	4.0	5.0	1.0	9229.06	8349.59	17575.1	0.0	17578.6	-3.53716	-0.244817	1.0004	1.0005	0.00010004	1.00045
362508.0	4.0	5.0	1.0	11803.8	10219.8	22019.2	0.0	22023.6	-4.32383	-0.238865	1.0004	1.0005	0.00010004	1.00045
363129.0	4.0	5.0	1.0	35104.6	24849.6	0.0	0.0	59954.1	-59954.1	-1216.67	1.0004	1.0005	0.00010004	1.00045
363153.0	4.0	5.0	1.0	3998.0	2876.51	0.0	0.0	6874.51	-6874.51	-1216.67	1.0004	1.0005	0.00010004	1.00045
363245.0	1.0	6.0	5.0	631.877	1366.16	0.0	0.0	1998.03	-1998.03	-1216.67	1.0001	1.0006	0.00050015	1.00035
363288.0	4.0	5.0	1.0	217.465	160.073	0.0	0.0	377.538	-377.538	-1216.67	1.0004	1.0005	0.00010004	1.00045
363346.0	4.0	5.0	1.0	772.269	569.747	805.969	536.032	1342.02	-0.014871	-0.013482	1.0004	1.0005	0.00010004	1.00045
363357.0	4.0	5.0	1.0	60962.1	40544.6	101490.0	0.0	101507.0	-17.0229	-0.204038	1.0004	1.0005	0.00010004	1.00045
363410.0	2.0	7.0	5.0	433.376	400.0	0.0	0.0	833.376	-833.376	-1216.67	1.0002	1.0007	0.0005002	1.00045
363454.0	2.0	8.0	6.0	1180.04	786.501	0.0	0.0	1966.54	-1966.54	-1216.67	1.0002	1.0008	0.00060027	1.0005
363497.0	3.0	5.0	2.0	596.152	1386.96	0.0	0.0	1983.11	-1983.11	-1216.67	1.0003	1.0005	0.00020007	1.0004
363600.0	4.0	5.0	1.0	11113.4	7672.42	18782.6	0.0	18785.8	-3.22476	-0.208853	1.0004	1.0005	0.00010004	1.00045
363627.0	3.0	8.0	5.0	296050.0	99991.7	295979.0	100062.0	396042.0	0.030119	9.25276e-05	1.0003	1.0008	0.00050025	1.00055
363651.0	3.0	8.0	5.0	295979.0	100086.0	295926.0	100139.0	396066.0	0.022666	6.96273e-05	1.0003	1.0008	0.00050025	1.00055
363702.0	4.0	5.0	1.0	355926.0	132384.0	488256.0	0.0	488310.0	-54.7395	-0.136388	1.0004	1.0005	0.00010004	1.00045
363831.0	3.0	8.0	5.0	5291.62	1671.14	5291.62	1671.14	6962.76	-2e-06	-3.49478e-07	1.0003	1.0008	0.00050025	1.00055
363832.0	4.0	5.0	1.0	5573.7	1390.67	6963.8	0.0	6964.37	-0.570005	-0.0995792	1.0004	1.0005	0.00010004	1.00045
363908.0	3.0	4.0	1.0	6865.5	6610.41	13473.8	0.0	13475.9	-2.14477	-0.19364	1.0003	1.0004	0.00010003	1.00035
363909.0	3.0	4.0	1.0	3050.92	2937.56	5987.53	0.0	5988.48	-0.953104	-0.19364	1.0003	1.0004	0.00010003	1.00035
363911.0	3.0	4.0	1.0	19842.8	19105.6	38942.2	0.0	38948.4	-6.19886	-0.19364	1.0003	1.0004	0.00010003	1.00035
363914.0	3.0	4.0	1.0	1062.71	909.465	1971.88	0.0	1972.17	-0.293744	-0.181216	1.0003	1.0004	0.00010003	1.00035
363933.0	3.0	4.0	1.0	10762.0	8022.49	18781.9	0.0	18784.5	-2.57819	-0.166989	1.0003	1.0004	0.00010003	1.00035
363961.0	3.0	4.0	1.0	103122.0	41908.8	145018.0	0.0	145031.0	-13.1753	-0.110527	1.0003	1.0004	0.00010003	1.00035
363969.0	3.0	4.0	1.0	8.52015	3.46243	11.9815	0.0	11.9826	-0.00109	-0.110675	1.0003	1.0004	0.00010003	1.00035
363992.0	3.0	4.0	1.0	4932.51	1982.85	0.0	0.0	6915.36	-6915.36	-1216.67	1.0003	1.0004	0.00010003	1.00035
364012.0	3.0	4.0	1.0	20301.9	7759.36	28058.8	0.0	28061.2	-2.43456	-0.105556	1.0003	1.0004	0.00010003	1.00035
364028.0	3.0	4.0	1.0	5280.63	1968.36	0.0	0.0	7248.99	-7248.99	-1216.67	1.0003	1.0004	0.00010003	1.00035
364056.0	-101.0	98.0	199.0	263.069	289.595	0.0	0.0	552.664	-552.664	-1216.67	0.989951	1.00985	0.0198963	0.9999
364093.0	3.0	4.0	1.0	5958.82	2165.52	0.0	0.0	8124.34	-8124.34	-1216.67	1.0003	1.0004	0.00010003	1.00035
364162.0	2.0	7.0	5.0	1364.37	462.919	0.0	0.0	1827.29	-1827.29	-1216.67	1.0002	1.0007	0.0005002	1.00045
364213.0	3.0	4.0	1.0	17831.4	6018.38	0.0	0.0	23849.8	-23849.8	-1216.67	1.0003	1.0004	0.00010003	1.00035
364301.0	1.0	4.0	3.0	133.103	374.622	0.0	0.0	507.725	-507.725	-1216.67	1.0001	1.0004	0.00030006	1.00025
364378.0	3.0	4.0	1.0	155658.0	41517.1	0.0	0.0	197176.0	-197176.0	-1216.67	1.0003	1.0004	0.00010003	1.00035
364440.0	3.0	4.0	1.0	530.0	137.879	0.0	0.0	667.879	-667.879	-1216.67	1.0003	1.0004	0.00010003	1.00035
364442.0	3.0	4.0	1.0	17475.8	4546.32	22020.7	0.0	22022.1	-1.41052	-0.0779278	1.0003	1.0004	0.00010003	1.00035
364496.0	3.0	4.0	1.0	15319.9	3847.53	15666.4	3501.0	19167.5	-0.110209	-0.00699558	1.0003	1.0004	0.00010003	1.00035
364580.0	-1.0	9.0	10.0	187.132	135.61	0.0	0.0	322.742	-322.742	-1216.67	0.9999	1.0009	0.00100035	1.0004
364597.0	3.0	4.0	1.0	81489.7	18657.0	100141.0	0.0	100147.0	-5.76966	-0.0700948	1.0003	1.0004	0.00010003	1.00035
364786.0	3.0	4.0	1.0	147231.0	28657.5	175879.0	0.0	175888.0	-8.82884	-0.0610715	1.0003	1.0004	0.00010003	1.00035
364926.0	-1.0	4.0	5.0	1013.53	5055.01	0.0	0.0	6068.54	-6068.54	-1216.67	0.9999	1.0004	0.00050005	1.00015
365014.0	2.0	7.0	5.0	10.0	3.03967	0.0	0.0	13.0397	-13.0397	-1216.67	1.0002	1.0007	0.0005002	1.00045
365062.0	3.0	4.0	1.0	80520.0	15402.0	0.0	0.0	95922.1	-95922.1	-1216.67	1.0003	1.0004	0.00010003	1.00035
365241.0	2.0	4.0	2.0	10922.4	20848.9	0.0	0.0	31771.3	-31771.3	-1216.67	1.0002	1.0004	0.00020005	1.0003
365334.0	3.0	4.0	1.0	806.383	368.249	0.0	0.0	1174.63	-1174.63	-1216.67	1.0003	1.0004	0.00010003	1.00035
365490.0	4.0	5.0	1.0	86811.8	0.0	0.0	0.0	86811.8	-86811.8	-1216.67	1.0004	1.0005	0.00010004	1.00045
365589.0	2.0	7.0	5.0	500.0	178.204	0.0	0.0	678.204	-678.204	-1216.67	1.0002	1.0007	0.0005002	1.00045
365622.0	1.0	6.0	5.0	29573.5	25008.2	0.0	0.0	54581.7	-54581.7	-1216.67	1.0001	1.0006	0.00050015	1.00035
365769.0	1.0	5.0	4.0	8.36078	8.98351	0.0	0.0	17.3443	-17.3443	-1216.67	1.0001	1.0005	0.0004001	1.0003
365912.0	2.0	3.0	1.0	5418.77	8057.11	0.0	0.0	13475.9	-13475.9	-1216.67	1.0002	1.0003	0.00010002	1.00025
365913.0	2.0	3.0	1.0	2113.83	2943.33	0.0	0.0	5057.15	-5057.15	-1216.67	1.0002	1.0003	0.00010002	1.00025
365914.0	2.0	3.0	1.0	16278.1	22665.9	0.0	0.0	38944.1	-38944.1	-1216.67	1.0002	1.0003	0.00010002	1.00025
365917.0	1.0	3.0	2.0	2105.82	7970.52	0.0	0.0	10076.3	-10076.3	-1216.67	1.0001	1.0003	0.00020003	1.0002
365918.0	2.0	3.0	1.0	872.371	1099.58	0.0	0.0	1971.96	-1971.96	-1216.67	1.0002	1.0003	0.00010002	1.00025
365928.0	2.0	3.0	1.0	14042.1	14343.1	0.0	0.0	28385.2	-28385.2	-1216.67	1.0002	1.0003	0.00010002	1.00025
365930.0	2.0	3.0	1.0	90336.3	68165.6	0.0	0.0	158502.0	-158502.0	-1216.67	1.0002	1.0003	0.00010002	1.00025
365936.0	2.0	3.0	1.0	4.74324	7.2405	0.0	0.0	11.9837	-11.9837	-1216.67	1.0002	1.0003	0.00010002	1.00025
365938.0	2.0	3.0	1.0	7435.87	11350.8	0.0	0.0	18786.6	-18786.6	-1216.67	1.0002	1.0003	0.00010002	1.00025
365943.0	2.0	3.0	1.0	44140.9	56698.0	0.0	0.0	100839.0	-100839.0	-1216.67	1.0002	1.0003	0.00010002	1.00025
365963.0	2.0	3.0	1.0	414.999	482.523	0.0	0.0	897.521	-897.521	-1216.67	1.0002	1.0003	0.00010002	1.00025
365972.0	2.0	3.0	1.0	10446.8	11492.6	0.0	0.0	21939.4	-21939.4	-1216.67	1.0002	1.0003	0.00010002	1.00025
365974.0	2.0	3.0	1.0	62660.2	54845.8	0.0	0.0	117506.0	-117506.0	-1216.67	1.0002	1.0003	0.00010002	1.00025
365976.0	2.0	3.0	1.0	33719.0	26105.5	0.0	0.0	59824.5	-59824.5	-1216.67	1.0002	1.0003	0.00010002	1.00025
366026.0	2.0	3.0	1.0	6.19593	4.79659	0.0	0.0	10.9925	-10.9925	-1216.67	1.0002	1.0003	0.00010002	1.00025
366047.0	2.0	3.0	1.0	6629.14	5001.22	0.0	0.0	11630.4	-11630.4	-1216.67	1.0002	1.0003	0.00010002	1.00025
